Rank,Title,Type,Episodes,Start_Year,Score,Members
1,Sousou no Frieren,TV,28.0,2023,9.25,1513339
2,Fullmetal Alchemist: Brotherhood,TV,64.0,2009,9.11,3733934
3,Re:Zero kara Hajimeru Isekai Seikatsu 4th Season,TV,19.0,2026,9.11,327052
4,Steel Ball Run: JoJo no Kimyou na Bouken,ONA,,2026,9.08,233056
5,Bleach: Sennen Kessen-hen - Kashin-tan,TV,10.0,2026,9.07,162779
6,Steins;Gate,TV,24.0,2011,9.07,2850872
7,Chainsaw Man Movie: Reze-hen,Movie,1.0,2025,9.05,547622
8,Gintama: The Final,Movie,1.0,2021,9.05,188362
9,Gintama°,TV,51.0,2015,9.05,699157
10,Shingeki no Kyojin Season 3 Part 2,TV,10.0,2019,9.05,2637835
11,Hunter x Hunter (2011),TV,148.0,2011,9.03,3239880
12,Ginga Eiyuu Densetsu,OVA,110.0,1988,9.02,369629
13,Gintama',TV,51.0,2011,9.02,622250
14,Gintama': Enchousen,TV,13.0,2012,9.02,362261
15,One Piece Fan Letter,TV,1.0,2024,9.0,165841
16,Bleach: Sennen Kessen-hen,TV,13.0,2022,8.98,730762
17,Gintama.,TV,12.0,2017,8.98,353107
18,Kaguya-sama wa Kokurasetai: Ultra Romantic,TV,13.0,2022,8.95,1137132
19,Clannad: After Story,TV,24.0,2008,8.93,1300457
20,Fruits Basket: The Final,TV,13.0,2021,8.93,574081
21,Gintama,TV,201.0,2006,8.93,1168499
22,Koe no Katachi,Movie,1.0,2016,8.93,2660201
23,Code Geass: Hangyaku no Lelouch R2,TV,25.0,2008,8.92,1982466
24,3-gatsu no Lion 2nd Season,TV,22.0,2017,8.9,443681
25,Kusuriya no Hitorigoto 2nd Season,TV,24.0,2025,8.9,548345
26,Monster,TV,74.0,2004,8.9,1359942
27,Gintama Movie 2: Kanketsu-hen - Yorozuya yo Eien Nare,Movie,1.0,2013,8.89,264992
28,Gintama. Shirogane no Tamashii-hen - Kouhan-sen,TV,14.0,2018,8.88,229576
29,Owarimonogatari 2nd Season,TV,7.0,2017,8.86,442540
30,Shingeki no Kyojin: The Final Season - Kanketsu-hen,TV,2.0,2023,8.86,895379
31,Kingdom 3rd Season,TV,26.0,2020,8.85,137673
32,Kusuriya no Hitorigoto,TV,24.0,2023,8.84,895439
33,Shingeki no Kyojin Movie: Kanketsu-hen - The Last Attack,Movie,1.0,2024,8.84,100204
34,Sousou no Frieren 2nd Season,TV,10.0,2026,8.84,609174
35,Vinland Saga Season 2,TV,24.0,2023,8.83,889865
36,Violet Evergarden Movie,Movie,1.0,2020,8.83,745208
37,Kimi no Na wa.,Movie,1.0,2016,8.82,3068319
38,Ashita no Joe 2,TV,47.0,1980,8.81,70382
39,Gintama Movie 3: Yoshiwara Daienjou,Movie,1.0,2026,8.81,15800
40,Gintama. Shirogane no Tamashii-hen,TV,12.0,2018,8.81,241245
41,Shingeki no Kyojin: The Final Season,TV,16.0,2020,8.79,2332290
42,Hajime no Ippo,TV,75.0,2000,8.78,708767
43,Kizumonogatari III: Reiketsu-hen,Movie,1.0,2017,8.78,520793
44,Mob Psycho 100 II,TV,13.0,2019,8.78,1755109
45,Shingeki no Kyojin: The Final Season Part 2,TV,12.0,2022,8.78,1599071
46,Vinland Saga,TV,24.0,2019,8.78,1867194
47,Haikyuu!! Karasuno Koukou vs. Shiratorizawa Gakuen Koukou,TV,10.0,2016,8.77,1344731
48,Sen to Chihiro no Kamikakushi,Movie,1.0,2001,8.77,2053210
49,Monogatari Series: Second Season,TV,26.0,2013,8.76,726594
50,Cowboy Bebop,TV,26.0,1998,8.75,2085156
51,Takopii no Genzai,ONA,6.0,2025,8.74,352382
52,86 Part 2,TV,12.0,2021,8.73,663690
53,Hibike! Euphonium 3,TV,13.0,2024,8.73,101733
54,Kingdom 4th Season,TV,26.0,2022,8.73,93763
55,One Piece,TV,,1999,8.73,2725952
56,Bocchi the Rock!,TV,12.0,2022,8.72,823144
57,Chi. Chikyuu no Undou ni Tsuite,TV,25.0,2024,8.72,317979
58,Jiyi Guanli Ju (2026),ONA,7.0,2026,8.72,24843
59,Kingdom 5th Season,TV,13.0,2024,8.72,65910
60,Mob Psycho 100 III,TV,12.0,2022,8.72,887183
61,Mushishi Zoku Shou 2nd Season,TV,10.0,2014,8.72,296163
62,Boku no Hero Academia: Final Season,TV,11.0,2025,8.71,344793
63,Code Geass: Hangyaku no Lelouch,TV,25.0,2006,8.71,2508501
64,Ikoku Nikki,TV,13.0,2026,8.71,127081
65,Kaguya-sama wa Kokurasetai: First Kiss wa Owaranai,Movie,1.0,2022,8.71,397090
66,Bleach: Sennen Kessen-hen - Ketsubetsu-tan,TV,13.0,2023,8.7,436166
67,Guimi Zhi Zhu Specials,ONA,3.0,2026,8.7,20684
68,Shiguang Dailiren,ONA,11.0,2021,8.7,496092
69,The First Slam Dunk,Movie,1.0,2022,8.7,80328
70,Jujutsu Kaisen 2nd Season,TV,23.0,2023,8.69,1457635
71,Rurouni Kenshin: Meiji Kenkaku Romantan - Tsuioku-hen,OVA,4.0,1999,8.69,294354
72,Shouwa Genroku Rakugo Shinjuu: Sukeroku Futatabi-hen,TV,12.0,2017,8.69,203921
73,Violet Evergarden,TV,13.0,2018,8.69,2029383
74,Great Teacher Onizuka,TV,43.0,1999,8.68,934462
75,Kimetsu no Yaiba: Yuukaku-hen,TV,11.0,2021,8.68,1779455
76,Mushishi Zoku Shou,TV,10.0,2014,8.68,330316
77,[Oshi no Ko] 3rd Season,TV,11.0,2026,8.68,296635
78,Bleach: Sennen Kessen-hen - Soukoku-tan,TV,14.0,2024,8.67,321059
79,Boku no Kokoro no Yabai Yatsu 2nd Season,TV,13.0,2024,8.67,324798
80,Hajime no Ippo: New Challenger,TV,26.0,2009,8.67,332055
81,Howl no Ugoku Shiro,Movie,1.0,2004,8.67,1511527
82,Mononoke Hime,Movie,1.0,1997,8.67,1398504
83,Uma Musume: Cinderella Gray Part 2,TV,10.0,2025,8.67,74721
84,Kingdom 6th Season,TV,13.0,2025,8.66,42621
85,Luo Xiaohei Zhanji 2,Movie,1.0,2025,8.66,14493
86,Tu Bian Yingxiong X,ONA,24.0,2025,8.66,267944
87,Kimetsu no Yaiba Movie 1: Mugenjou-hen - Akaza Sairai,Movie,1.0,2025,8.65,422995
88,Mushishi,TV,26.0,2005,8.65,918011
89,Shingeki no Kyojin Season 3,TV,12.0,2018,8.65,2710060
90,Tengen Toppa Gurren Lagann,TV,27.0,2007,8.65,1792499
91,Mo Dao Zu Shi: Wanjie Pian,ONA,12.0,2021,8.64,98349
92,Monogatari Series: Off & Monster Season,ONA,14.0,2024,8.64,107866
93,Shigatsu wa Kimi no Uso,TV,22.0,2014,8.64,2458674
94,Tian Guan Cifu Er,ONA,12.0,2023,8.64,67349
95,Uma Musume: Pretty Derby - Shin Jidai no Tobira,Movie,1.0,2024,8.64,66069
96,Fate/stay night Movie: Heaven's Feel - III. Spring Song,Movie,1.0,2020,8.63,416193
97,Natsume Yuujinchou Shi,TV,13.0,2012,8.63,268331
98,Ping Pong the Animation,TV,11.0,2014,8.63,447262
99,Chiikawa,TV,,2022,8.62,25541
100,Cyberpunk: Edgerunners,ONA,10.0,2022,8.62,1110950
101,Death Note,TV,37.0,2006,8.62,4362544
102,Haikyuu!! Movie: Gomisuteba no Kessen,Movie,1.0,2024,8.62,240348
103,Made in Abyss,TV,13.0,2017,8.62,1575549
104,Odd Taxi,TV,13.0,2021,8.62,522370
105,Shiguang Dailiren II,ONA,12.0,2023,8.62,179767
106,Tengen Toppa Gurren Lagann Movie 2: Lagann-hen,Movie,1.0,2009,8.62,242204
107,Guimi Zhi Zhu: Xiaochou Pian,ONA,13.0,2025,8.61,227904
108,Haikyuu!! Second Season,TV,25.0,2015,8.61,1585627
109,Hajime no Ippo: Rising,TV,25.0,2013,8.61,304281
110,Kaguya-sama wa Kokurasetai? Tensai-tachi no Renai Zunousen,TV,12.0,2020,8.61,1524520
111,Kenpuu Denki Berserk,TV,25.0,1997,8.61,782178
112,Look Back,Movie,1.0,2024,8.61,263830
113,Natsume Yuujinchou Roku,TV,11.0,2017,8.61,207923
114,Bungou Stray Dogs 5th Season,TV,11.0,2023,8.6,268470
115,Made in Abyss Movie 3: Fukaki Tamashii no Reimei,Movie,1.0,2020,8.6,547612
116,Jujutsu Kaisen: Shimetsu Kaiyuu - Zenpen,TV,12.0,2026,8.59,573219
117,Made in Abyss: Retsujitsu no Ougonkyou,TV,12.0,2022,8.59,551444
118,Mushoku Tensei: Isekai Ittara Honki Dasu Part 2,TV,12.0,2021,8.59,1157719
119,Seishun Buta Yarou wa Yumemiru Shoujo no Yume wo Minai,Movie,1.0,2019,8.59,837830
120,Suzumiya Haruhi no Shoushitsu,Movie,1.0,2010,8.59,656259
121,Dungeon Meshi,TV,24.0,2024,8.58,613181
122,JoJo no Kimyou na Bouken Part 5: Ougon no Kaze,TV,39.0,2018,8.58,1195723
123,Mushishi Zoku Shou: Suzu no Shizuku,Movie,1.0,2015,8.58,142508
124,Nana,TV,47.0,2006,8.58,799627
125,Shin Evangelion Movie:||,Movie,1.0,2021,8.58,432347
126,Shingeki no Kyojin,TV,25.0,2013,8.58,4424458
127,Natsume Yuujinchou Shichi,TV,12.0,2024,8.57,61061
128,Shiguang Dailiren III,ONA,12.0,2026,8.57,37191
129,"Shinseiki Evangelion Movie: Air/Magokoro wo, Kimi ni",Movie,1.0,1997,8.57,1061280
130,Uma Musume: Cinderella Gray,TV,13.0,2025,8.57,112101
131,Haikyuu!! To the Top Part 2,TV,12.0,2020,8.56,942835
132,Kizumonogatari II: Nekketsu-hen,Movie,1.0,2016,8.56,495855
133,Natsume Yuujinchou Go,TV,11.0,2016,8.56,208045
134,Natsume Yuujinchou San,TV,13.0,2011,8.56,274433
135,Ookami Kodomo no Ame to Yuki,Movie,1.0,2012,8.56,875788
136,Perfect Blue,Movie,1.0,1998,8.56,839561
137,Slam Dunk,TV,101.0,1993,8.56,342949
138,Steins;Gate 0,TV,23.0,2018,8.56,968937
139,Hotaru no Haka,Movie,1.0,1988,8.55,780852
140,Kimi no Suizou wo Tabetai,Movie,1.0,2018,8.55,1142733
141,Yojouhan Shinwa Taikei,TV,11.0,2010,8.55,502790
142,Doupo Cangqiong: San Nian Zhi Yue,ONA,13.0,2021,8.54,11827
143,Mushoku Tensei III: Isekai Ittara Honki Dasu,TV,14.0,2026,8.54,320320
144,Shingeki no Kyojin Season 2,TV,12.0,2017,8.54,3064321
145,Shouwa Genroku Rakugo Shinjuu,TV,13.0,2016,8.54,318018
146,Fate/Zero 2nd Season,TV,12.0,2012,8.53,1207409
147,Kimetsu no Yaiba Movie: Mugen Ressha-hen,Movie,1.0,2020,8.53,1808938
148,Mushishi: Hihamukage,TV,1.0,2014,8.53,155229
149,Nippon Sangoku,TV,12.0,2026,8.53,123546
150,Zoku Natsume Yuujinchou,TV,13.0,2009,8.53,268938
151,Fruits Basket 2nd Season,TV,25.0,2020,8.52,594317
152,Gintama Movie 1: Shinyaku Benizakura-hen,Movie,1.0,2010,8.52,179342
153,Samurai Champloo,TV,26.0,2004,8.52,1368090
154,Shoujo☆Kageki Revue Starlight Movie,Movie,1.0,2021,8.52,26880
155,[Oshi no Ko],TV,11.0,2023,8.52,1079633
156,Bakuman. 3rd Season,TV,25.0,2012,8.51,350301
157,Gintama. Porori-hen,TV,13.0,2017,8.51,225302
158,JoJo no Kimyou na Bouken Part 4: Diamond wa Kudakenai,TV,39.0,2016,8.51,1295829
159,Kaguya-sama wa Kokurasetai: Otona e no Kaidan,TV,1.0,2025,8.51,120226
160,Koukaku Kidoutai: Stand Alone Complex 2nd GIG,TV,26.0,2004,8.51,244817
161,Mahou Shoujo Madoka★Magica Movie 3: Hangyaku no Monogatari,Movie,1.0,2013,8.51,429386
162,Dr. Stone: Science Future Part 2,TV,12.0,2025,8.5,253691
163,Fanren Xiu Xian Zhuan 4th Season,ONA,52.0,2025,8.5,3522
164,Given Movie 3: Umi e,Movie,1.0,2024,8.5,34757
165,Grand Blue Season 2,TV,12.0,2025,8.5,217491
166,JoJo no Kimyou na Bouken Part 6: Stone Ocean Part 3,ONA,14.0,2022,8.5,325860
167,Kara no Kyoukai Movie 5: Mujun Rasen,Movie,1.0,2008,8.5,256011
168,Ore dake Level Up na Ken Season 2: Arise from the Shadow,TV,13.0,2025,8.5,825723
169,Sora yori mo Tooi Basho,TV,13.0,2018,8.5,560523
170,[Oshi no Ko] 2nd Season,TV,13.0,2024,8.5,540922
171,Jujutsu Kaisen,TV,24.0,2020,8.49,3107857
172,Mob Psycho 100,TV,12.0,2016,8.49,2357488
173,Seihantai na Kimi to Boku 2nd Season,TV,13.0,2026,8.49,110849
174,Yuru Camp△ Season 2,TV,13.0,2021,8.49,257264
175,Aria the Origination,TV,13.0,2008,8.48,143898
176,Ousama Ranking,TV,23.0,2021,8.48,771204
177,Tongari Boushi no Atelier,TV,13.0,2026,8.48,444321
178,Uchuu Kyoudai,TV,99.0,2012,8.48,212764
179,Xian Ni,ONA,180.0,2023,8.48,12799
180,Ansatsu Kyoushitsu 2nd Season,TV,25.0,2016,8.47,1589048
181,Kaoru Hana wa Rin to Saku,TV,13.0,2025,8.47,501209
182,Nichijou,TV,26.0,2011,8.47,995269
183,One Punch Man,TV,12.0,2015,8.47,3557827
184,Tian Guan Cifu Special,Special,1.0,2021,8.47,61829
185,Yakusoku no Neverland,TV,12.0,2019,8.47,2181250
186,Chihayafuru 3,TV,24.0,2019,8.46,159272
187,Fate/stay night Movie: Heaven's Feel - II. Lost Butterfly,Movie,1.0,2019,8.46,446245
188,Rainbow: Nisha Rokubou no Shichinin,TV,26.0,2010,8.46,429188
189,Summertime Render,TV,25.0,2022,8.46,697241
190,Tian Guan Cifu Short Films,ONA,,2025,8.46,12471
191,Yuu☆Yuu☆Hakusho,TV,112.0,1992,8.46,762672
192,Banana Fish,TV,24.0,2018,8.45,977562
193,Chou Kaguya-hime!,ONA,1.0,2026,8.45,110971
194,Dorohedoro Season 2,ONA,11.0,2026,8.45,96444
195,Gintama: The Semi-Final,Special,2.0,2021,8.45,95483
196,Grand Blue,TV,12.0,2018,8.45,927522
197,Mo Dao Zu Shi: Xian Yun Pian,ONA,8.0,2019,8.45,120392
198,Nezha Zhi Mo Tong Nao Hai,Movie,1.0,2025,8.45,12876
199,Owarimonogatari,TV,12.0,2015,8.45,515834
200,Prism Rondo,ONA,20.0,2026,8.45,72276
201,Steins;Gate Movie: Fuka Ryouiki no Déjà vu,Movie,1.0,2013,8.45,651203
202,Hunter x Hunter,TV,62.0,1999,8.44,656786
203,JoJo no Kimyou na Bouken Part 3: Stardust Crusaders - Egypt-hen,TV,24.0,2015,8.44,1272999
204,Mo Dao Zu Shi,ONA,15.0,2018,8.44,259030
205,Pluto,ONA,8.0,2023,8.44,263766
206,Zoku Owarimonogatari,TV,6.0,2019,8.44,256401
207,Golden Kamuy 3rd Season,TV,12.0,2020,8.43,205398
208,Haikyuu!!,TV,25.0,2014,8.43,2202199
209,Medalist 2nd Season,TV,9.0,2026,8.43,47079
210,Tenmaku no Jaadugar,TV,12.0,2026,8.43,82460
211,Violet Evergarden Gaiden: Eien to Jidou Shuki Ningyou,Movie,1.0,2019,8.43,491768
212,Chainsaw Man,TV,12.0,2022,8.42,2026968
213,Kono Oto Tomare! Part 2,TV,13.0,2019,8.42,206378
214,Koukaku Kidoutai: Stand Alone Complex,TV,26.0,2002,8.42,429853
215,Mushishi Zoku Shou: Odoro no Michi,TV,1.0,2014,8.42,112312
216,Natsume Yuujinchou Movie: Utsusemi ni Musubu,Movie,1.0,2018,8.42,85305
217,Re:Zero kara Hajimeru Isekai Seikatsu 2nd Season Part 2,TV,12.0,2021,8.42,1106989
218,Saenai Heroine no Sodatekata Fine,Movie,1.0,2019,8.42,207694
219,Shingeki no Kyojin: Kuinaki Sentaku,OVA,2.0,2014,8.42,571095
220,Violet Evergarden: Recollections,TV,1.0,2021,8.42,50020
221,Bungou Stray Dogs 4th Season,TV,13.0,2023,8.41,368747
222,Gintama: Yorinuki Gintama-san on Theater 2D,Movie,2.0,2012,8.41,49216
223,Grand Blue Season 3,TV,12.0,2026,8.41,104268
224,Kamisama Hajimemashita: Kako-hen,OVA,4.0,2015,8.41,187791
225,Kimi ni Todoke 3rd Season,ONA,5.0,2024,8.41,121390
226,Mononoke,TV,12.0,2007,8.41,373365
227,Re:Zero kara Hajimeru Isekai Seikatsu 3rd Season,TV,16.0,2024,8.41,543422
228,Saiki Kusuo no Ψ-nan,TV,120.0,2016,8.41,1277096
229,Saiki Kusuo no Ψ-nan 2,TV,24.0,2018,8.41,734193
230,Spy x Family,TV,12.0,2022,8.41,1933667
231,Tian Guan Cifu,ONA,11.0,2020,8.41,180896
232,Doupo Cangqiong: Nian Fan,ONA,219.0,2022,8.4,12856
233,Golden Kamuy: Saishuushou,TV,13.0,2026,8.4,65652
234,Guangyin Zhi Wai,ONA,26.0,2025,8.4,2716
235,Kaguya-sama wa Kokurasetai: Tensai-tachi no Renai Zunousen,TV,12.0,2019,8.4,1971922
236,Karakai Jouzu no Takagi-san Movie,Movie,1.0,2022,8.4,98625
237,Kono Subarashii Sekai ni Shukufuku wo! Movie: Kurenai Densetsu,Movie,1.0,2019,8.4,902151
238,Natsume Yuujinchou Roku Specials,Special,2.0,2017,8.4,54598
239,Sayonara no Asa ni Yakusoku no Hana wo Kazarou,Movie,1.0,2018,8.4,504241
240,Wu Liuqi: Xuanwu Guo Pian,ONA,10.0,2021,8.4,87233
241,Ashita no Joe,TV,79.0,1970,8.39,117451
242,Blue Giant,Movie,1.0,2023,8.39,51303
243,Dandadan,TV,12.0,2024,8.39,1025742
244,Girls & Panzer: Saishuushou Part 4,Movie,1.0,2023,8.39,28657
245,Houseki no Kuni,TV,12.0,2017,8.39,527346
246,Kimetsu no Yaiba,TV,26.0,2019,8.39,3506259
247,Made in Abyss Movie 2: Hourou Suru Tasogare,Movie,1.0,2019,8.39,168960
248,Mahou Shoujo Madoka★Magica,TV,12.0,2011,8.39,1432629
249,Major S5,TV,25.0,2009,8.39,76344
250,Cowboy Bebop: Tengoku no Tobira,Movie,1.0,2001,8.38,416586
251,Dandadan 2nd Season,TV,12.0,2025,8.38,592514
252,Josee to Tora to Sakana-tachi,Movie,1.0,2020,8.38,547034
253,Kaze ga Tsuyoku Fuiteiru,TV,23.0,2018,8.38,339892
254,Ling Long 2nd Season,ONA,12.0,2025,8.38,2293
255,Mahou Shoujo Madoka★Magica Movie 2: Eien no Monogatari,Movie,1.0,2012,8.38,223648
256,Medalist,TV,13.0,2025,8.38,98227
257,Ramayana: The Legend of Prince Rama,Movie,1.0,1993,8.38,16016
258,3-gatsu no Lion,TV,22.0,2016,8.37,745118
259,Chihayafuru 2,TV,25.0,2013,8.37,254988
260,Cross Game,TV,50.0,2009,8.37,133766
261,Doraemon Movie 31: Shin Nobita to Tetsujin Heidan - Habatake Tenshi-tachi,Movie,1.0,2011,8.37,23332
262,Gintama°: Aizome Kaori-hen,OVA,2.0,2016,8.37,93947
263,Haikyuu!! To the Top,TV,13.0,2020,8.37,1067392
264,Initial D First Stage,TV,26.0,1998,8.37,448375
265,Mushoku Tensei II: Isekai Ittara Honki Dasu Part 2,TV,12.0,2024,8.37,611101
266,Shinseiki Evangelion,TV,26.0,1995,8.37,2063194
267,Vivy: Fluorite Eye's Song,TV,13.0,2021,8.37,619392
268,Yuru Camp△ Movie,Movie,1.0,2022,8.37,96427
269,Barakamon,TV,12.0,2014,8.36,721490
270,Douluo Dalu 2nd Season,ONA,237.0,2018,8.36,24466
271,Gintama: Shiroyasha Koutan,Special,1.0,2008,8.36,76256
272,K-On! Movie,Movie,1.0,2011,8.36,359865
273,Kara no Kyoukai Movie 7: Satsujin Kousatsu (Go),Movie,1.0,2009,8.36,221187
274,Karakai Jouzu no Takagi-san 3,TV,12.0,2022,8.36,215618
275,Kaze no Tani no Nausicaä,Movie,1.0,1984,8.36,419665
276,Kizumonogatari I: Tekketsu-hen,Movie,1.0,2016,8.36,588999
277,Versailles no Bara,TV,40.0,1979,8.36,117305
278,"Violet Evergarden: Kitto ""Ai"" wo Shiru Hi ga Kuru no Darou",Special,1.0,2018,8.36,377503
279,86,TV,11.0,2021,8.35,1004026
280,Fanren Xiu Xian Zhuan: Xinghai Feichi,ONA,48.0,2023,8.35,4423
281,Fruits Basket: Prelude,Movie,1.0,2022,8.35,134172
282,Fumetsu no Anata e,TV,20.0,2021,8.35,1015382
283,Girls Band Cry,TV,13.0,2024,8.35,143296
284,Hibike! Euphonium 2,TV,13.0,2016,8.35,260304
285,Jujutsu Kaisen 0 Movie,Movie,1.0,2021,8.35,1309677
286,Meitantei Conan Movie 26: Kurogane no Submarine,Movie,1.0,2023,8.35,19960
287,Non Non Biyori Nonstop,TV,12.0,2021,8.35,140893
288,Tunshi Xingkong 3rd Season,ONA,33.0,2022,8.35,5605
289,Yahari Ore no Seishun Love Comedy wa Machigatteiru. Kan,TV,12.0,2020,8.35,835564
290,Baccano!,TV,13.0,2007,8.34,966500
291,Hellsing Ultimate,OVA,10.0,2006,8.34,1033170
292,IDOLiSH7 Third Beat! Part 2,TV,17.0,2022,8.34,18287
293,Yofukashi no Uta Season 2,TV,12.0,2025,8.34,264827
294,Bakuman. 2nd Season,TV,25.0,2011,8.33,374350
295,Hyakuemu.,Movie,1.0,2025,8.33,87264
296,Kimetsu no Yaiba: Mugen Ressha-hen,TV,7.0,2021,8.33,1006272
297,Kono Subarashii Sekai ni Shukufuku wo! 3,TV,11.0,2024,8.33,571047
298,Re:Zero kara Hajimeru Isekai Seikatsu 2nd Season,TV,13.0,2020,8.33,1317239
299,Tensei shitara Slime Datta Ken 2nd Season,TV,12.0,2021,8.33,1140847
300,Bakemonogatari,TV,15.0,2009,8.32,1506497
301,Fate/stay night: Unlimited Blade Works 2nd Season,TV,13.0,2015,8.32,932258
302,Ginga Eiyuu Densetsu: Die Neue These - Gekitotsu,Movie,12.0,2022,8.32,26960
303,Ginga Eiyuu Densetsu: Die Neue These - Sakubou,Movie,12.0,2022,8.32,19504
304,Hunter x Hunter: Original Video Animation,OVA,8.0,2002,8.32,138396
305,Kidou Senshi Gundam: The Origin,OVA,6.0,2015,8.32,85766
306,Kiseijuu: Sei no Kakuritsu,TV,24.0,2014,8.32,2064585
307,Major S6,TV,25.0,2010,8.32,67748
308,Natsume Yuujinchou: Itsuka Yuki no Hi ni,OVA,1.0,2014,8.32,87594
309,NHK ni Youkoso!,TV,24.0,2006,8.32,853434
310,One Outs,TV,25.0,2008,8.32,259611
311,Psycho-Pass,TV,22.0,2012,8.32,1765677
312,Romeo no Aoi Sora,TV,33.0,1995,8.32,56529
313,Super no Ura de Yani Suu Futari,TV,12.0,2026,8.32,231574
314,Tunshi Xingkong 4th Season,ONA,175.0,2023,8.32,6575
315,Uchuu Senkan Yamato 2199,OVA,26.0,2012,8.32,127470
316,Uma Musume: Pretty Derby Season 2,TV,13.0,2021,8.32,118342
317,Bocchi the Rock! Movie,Movie,2.0,2024,8.31,74700
318,Boku dake ga Inai Machi,TV,12.0,2016,8.31,2322737
319,Diamond no Ace: Second Season,TV,51.0,2015,8.31,152874
320,Luo Xiaohei Zhanji (Movie),Movie,1.0,2019,8.31,47523
321,Mononoke Movie 2: Hinezumi,Movie,1.0,2025,8.31,24333
322,Mushoku Tensei: Isekai Ittara Honki Dasu,TV,11.0,2021,8.31,1621015
323,Natsume Yuujinchou Go Specials,Special,2.0,2017,8.31,53000
324,Sasaki to Miyano Movie: Sotsugyou-hen,Movie,1.0,2023,8.31,63759
325,Usagi Drop,TV,11.0,2011,8.31,529038
326,Dr. Stone: New World Part 2,TV,11.0,2023,8.3,452058
327,Initial D Final Stage,TV,4.0,2014,8.3,170148
328,Kemono no Souja Erin,TV,50.0,2009,8.3,95380
329,Kobayashi-san Chi no Maid Dragon: Samishigariya no Ryuu,Movie,1.0,2025,8.3,65030
330,Meitantei Conan Movie 06: Baker Street no Bourei,Movie,1.0,2002,8.3,86453
331,Mushen Ji,ONA,,2024,8.3,16388
332,Natsume Yuujinchou,TV,13.0,2008,8.3,594514
333,Ookami to Koushinryou II,TV,12.0,2009,8.3,524772
334,Shiguang Dailiren: Yingdu Pian,ONA,6.0,2024,8.3,73216
335,Tanoshii Muumin Ikka,TV,78.0,1990,8.3,34042
336,Beck,TV,26.0,2004,8.29,382233
337,Evangelion Movie 2: Ha,Movie,1.0,2009,8.29,601765
338,Katanagatari,TV,12.0,2010,8.29,598394
339,Kuroko no Basket 3rd Season,TV,25.0,2015,8.29,841748
340,Naruto: Shippuuden,TV,500.0,2007,8.29,2786977
341,Redline,Movie,1.0,2009,8.29,433148
342,Sakamichi no Apollon,TV,12.0,2012,8.29,419664
343,Steins;Gate: Oukoubakko no Poriomania,Special,1.0,2012,8.29,480481
344,Tensei shitara Slime Datta Ken 2nd Season Part 2,TV,12.0,2021,8.29,936861
345,Tokyo Godfathers,Movie,1.0,2003,8.29,335734
346,Wu Liuqi: Jiyi Suipian,ONA,10.0,2024,8.29,21841
347,Wu Shan Wu Xing: Xichuan Huan Zi Lin,ONA,4.0,2023,8.29,20016
348,Yuukoku no Moriarty Part 2,TV,13.0,2021,8.29,297377
349,Ano Hi Mita Hana no Namae wo Bokutachi wa Mada Shiranai.,TV,11.0,2011,8.28,1724479
350,Diamond no Ace: Act II,TV,52.0,2019,8.28,103939
351,Ginga Eiyuu Densetsu: Die Neue These - Seiran 3,Movie,4.0,2019,8.28,30997
352,Given,TV,11.0,2019,8.28,647100
353,Kingdom 2nd Season,TV,39.0,2013,8.28,153708
354,Kino no Tabi: The Beautiful World,TV,13.0,2003,8.28,362055
355,Major: World Series,OVA,2.0,2011,8.28,40431
356,Seishun Buta Yarou wa Randoseru Girl no Yume wo Minai,Movie,1.0,2023,8.28,199215
357,Tunshi Xingkong 2nd Season,ONA,26.0,2021,8.28,9505
358,Zombieland Saga Movie: Yumeginga Paradise,Movie,1.0,2025,8.28,42897
359,Doukyuusei,Movie,1.0,2016,8.27,300705
360,Gin no Saji 2nd Season,TV,11.0,2014,8.27,156360
361,Haikyuu!! Movie 4: Concept no Tatakai,Movie,1.0,2017,8.27,108430
362,Koukaku Kidoutai,Movie,1.0,1995,8.27,719193
363,Rurouni Kenshin: Meiji Kenkaku Romantan,TV,94.0,1996,8.27,528755
364,Seihantai na Kimi to Boku,TV,12.0,2026,8.27,250328
365,Shen Yin Wangzuo 2nd Season,ONA,182.0,2022,8.27,8172
366,Space☆Dandy 2nd Season,TV,13.0,2014,8.27,184456
367,Steins;Gate: Kyoukaimenjou no Missing Link - Divide By Zero,TV,1.0,2015,8.27,294545
368,Tenki no Ko,Movie,1.0,2019,8.27,1149986
369,Dororo,TV,24.0,2019,8.26,1398252
370,Doupo Cangqiong 4th Season,ONA,24.0,2021,8.26,10633
371,Dr. Stone,TV,24.0,2019,8.26,1989685
372,Dr. Stone: Science Future,TV,12.0,2025,8.26,331482
373,Dr. Stone: Science Future Part 3,TV,13.0,2026,8.26,192966
374,Dungeon ni Deai wo Motomeru no wa Machigatteiru Darou ka IV: Shin Shou - Yakusai-hen,TV,11.0,2023,8.26,303418
375,Fate/strange Fake,TV,13.0,2026,8.26,189753
376,Fate/Zero,TV,13.0,2011,8.26,1618657
377,Gintama: Shinyaku Benizakura-hen,Special,1.0,2010,8.26,48225
378,Hajime no Ippo: Mashiba vs. Kimura,OVA,1.0,2003,8.26,130304
379,Hotarubi no Mori e,Movie,1.0,2011,8.26,886575
380,Meitantei Conan: Episode One - Chiisaku Natta Meitantei,TV,1.0,2016,8.26,34902
381,Shirobako,TV,24.0,2014,8.26,474115
382,Tenkuu no Shiro Laputa,Movie,1.0,1986,8.26,544405
383,Tsubasa: Tokyo Revelations,OVA,3.0,2007,8.26,102355
384,Yi Nian Yong Heng 3rd Season,ONA,59.0,2024,8.26,4771
385,Youjo Senki II,TV,12.0,2026,8.26,262558
386,Yuru Camp△,TV,12.0,2018,8.26,549375
387,Gyakkyou Burai Kaiji: Ultimate Survivor,TV,26.0,2007,8.25,397384
388,Hajime no Ippo: Champion Road,TV,1.0,2003,8.25,159904
389,Hunter x Hunter: Greed Island Final,OVA,14.0,2004,8.25,158540
390,Koori no Jouheki,TV,14.0,2026,8.25,148890
391,Kuroshitsuji Movie: Book of the Atlantic,Movie,1.0,2017,8.25,229349
392,Nodame Cantabile,TV,23.0,2007,8.25,334628
393,Re:Zero kara Hajimeru Isekai Seikatsu,TV,25.0,2016,8.25,2507762
394,Sennen Joyuu,Movie,1.0,2002,8.25,214723
395,"Shangri-La Frontier: Kusoge Hunter, Kamige ni Idoman to su 2nd Season",TV,25.0,2024,8.25,285911
396,Shoujo Kakumei Utena,TV,39.0,1997,8.25,253436
397,Shoujo Shuumatsu Ryokou,TV,12.0,2017,8.25,413015
398,Tonari no Totoro,Movie,1.0,1988,8.25,1178773
399,Wu Liuqi: Anying Suming,ONA,10.0,2023,8.25,42527
400,BanG Dream! It's MyGO!!!!!,TV,13.0,2023,8.24,44614
401,Golden Kamuy 2nd Season,TV,12.0,2018,8.24,243901
402,Gyakkyou Burai Kaiji: Hakairoku-hen,TV,26.0,2011,8.24,216573
403,Kage no Jitsuryokusha ni Naritakute! 2nd Season,TV,12.0,2023,8.24,556523
404,Kamisama Hajimemashita◎,TV,12.0,2015,8.24,479046
405,Kono Subarashii Sekai ni Shukufuku wo! 2,TV,10.0,2017,8.24,1675043
406,Majo no Takkyuubin,Movie,1.0,1989,8.24,675191
407,Non Non Biyori Movie: Vacation,Movie,1.0,2018,8.24,87613
408,Planetes,TV,26.0,2003,8.24,285255
409,Shinsekai yori,TV,25.0,2012,8.24,829113
410,Stranger: Mukou Hadan,Movie,1.0,2007,8.24,357696
411,World Trigger 3rd Season,TV,14.0,2021,8.24,144017
412,IDOLiSH7 Third Beat!,TV,13.0,2021,8.23,27294
413,Kidou Senshi Gundam: Tekketsu no Orphans 2nd Season,TV,25.0,2016,8.23,163362
414,Kono Sekai no Katasumi ni,Movie,1.0,2016,8.23,211929
415,Liz to Aoi Tori,Movie,1.0,2018,8.23,166299
416,Mahou Shoujo Madoka★Magica Movie 1: Hajimari no Monogatari,Movie,1.0,2012,8.23,220061
417,Mimi wo Sumaseba,Movie,1.0,1995,8.23,413268
418,Seishun Buta Yarou wa Bunny Girl Senpai no Yume wo Minai,TV,13.0,2018,8.23,1993307
419,Suzume no Tojimari,Movie,1.0,2022,8.23,522741
420,Bakemono no Ko,Movie,1.0,2015,8.22,460265
421,Cardcaptor Sakura Movie 2: Fuuin Sareta Card,Movie,1.0,2000,8.22,124992
422,Danshi Koukousei no Nichijou,TV,12.0,2012,8.22,895505
423,Jujutsu Kaisen: Kaigyoku/Gyokusetsu,Movie,1.0,2025,8.22,67668
424,Kaguya-hime no Monogatari,Movie,1.0,2013,8.22,265638
425,Maison Ikkoku,TV,96.0,1986,8.22,84561
426,Major S3,TV,26.0,2007,8.22,74864
427,Nodame Cantabile Finale,TV,11.0,2010,8.22,134106
428,Stand By Me Doraemon 2,Movie,1.0,2020,8.22,43201
429,Trigun,TV,26.0,1998,8.22,844689
430,Youjo Senki Movie,Movie,1.0,2019,8.22,346745
431,Berserk: Ougon Jidai-hen III - Kourin,Movie,1.0,2013,8.21,249796
432,Boku no Hero Academia 6th Season,TV,25.0,2022,8.21,848482
433,Dragon Ball Super: Broly,Movie,1.0,2018,8.21,478903
434,Dragon Ball Z,TV,291.0,1989,8.21,1340769
435,Gachiakuta,TV,24.0,2025,8.21,548828
436,Haikyuu!! Movie 3: Sainou to Sense,Movie,1.0,2017,8.21,112149
437,Kage no Jitsuryokusha ni Naritakute!,TV,20.0,2022,8.21,895445
438,Major S1,TV,26.0,2004,8.21,108937
439,Ookami to Koushinryou,TV,13.0,2008,8.21,879001
440,ReLIFE: Kanketsu-hen,Special,4.0,2018,8.21,454801
441,Saiki Kusuo no Ψ-nan: Kanketsu-hen,TV,1.0,2018,8.21,254169
442,Spy x Family Season 3,TV,13.0,2025,8.21,375652
443,Fruits Basket 1st Season,TV,25.0,2019,8.2,963231
444,Futsutsuka na Akujo dewa Gozaimasu ga: Suuguu Chouso Torikae Den,TV,11.0,2026,8.2,76029
445,Girls & Panzer Movie,Movie,1.0,2015,8.2,132732
446,Initial D Second Stage,TV,13.0,1999,8.2,267839
447,InuYasha: Kanketsu-hen,TV,26.0,2009,8.2,309435
448,Kuroko no Basket 2nd Season,TV,25.0,2013,8.2,938834
449,Magi: The Kingdom of Magic,TV,25.0,2013,8.2,906285
450,Meitantei Conan Movie 13: Shikkoku no Chaser,Movie,1.0,2009,8.2,65759
451,Senki Zesshou Symphogear XV,TV,13.0,2019,8.2,44529
452,SKET Dance,TV,77.0,2011,8.2,240695
453,Tengoku Daimakyou,TV,13.0,2023,8.2,648475
454,Wu Liuqi: Zui Qiang Fa Xing Shi,ONA,10.0,2019,8.2,100746
455,xxxHOLiC◆Kei,TV,13.0,2008,8.2,157212
456,Yahari Ore no Seishun Love Comedy wa Machigatteiru. Zoku,TV,13.0,2015,8.2,1178186
457,Asobi Asobase,TV,12.0,2018,8.19,543626
458,Boku no Kokoro no Yabai Yatsu,TV,12.0,2023,8.19,461106
459,Bungou Stray Dogs 3rd Season,TV,12.0,2019,8.19,719171
460,Cang Yuan Tu 2,ONA,36.0,2024,8.19,2710
461,Cardcaptor Sakura,TV,70.0,1998,8.19,491601
462,Fangkai Nage Nuwu,ONA,8.0,2026,8.19,36660
463,Girls & Panzer: Saishuushou Part 3,Movie,1.0,2021,8.19,49270
464,Great Pretender,TV,23.0,2020,8.19,759345
465,Hunter x Hunter: Greed Island,OVA,8.0,2003,8.19,184253
466,K-On!!,TV,26.0,2010,8.19,763803
467,Kaijuu 8-gou,TV,12.0,2024,8.19,758677
468,Kobayashi-san Chi no Maid Dragon S,TV,12.0,2021,8.19,620331
469,Made in Abyss Movie 1: Tabidachi no Yoake,Movie,1.0,2019,8.19,166212
470,Meitantei Conan Movie 20: Junkoku no Nightmare,Movie,1.0,2016,8.19,47736
471,Mushoku Tensei II: Isekai Ittara Honki Dasu,TV,12.0,2023,8.19,793543
472,One Piece: Episode of Merry - Mou Hitori no Nakama no Monogatari,TV,1.0,2013,8.19,81682
473,Spy x Family Part 2,TV,13.0,2022,8.19,1160398
474,Vanitas no Karte Part 2,TV,12.0,2022,8.19,353104
475,Yi Nian Yong Heng 2nd Season,ONA,54.0,2022,8.19,9909
476,Yojouhan Time Machine Blues,ONA,6.0,2022,8.19,66557
477,Ballroom e Youkoso,TV,24.0,2017,8.18,366577
478,Black Lagoon: The Second Barrage,TV,12.0,2006,8.18,581827
479,Digimon Adventure: Last Evolution Kizuna,Movie,1.0,2020,8.18,63834
480,Fate/stay night: Unlimited Blade Works,TV,12.0,2014,8.18,1189769
481,Ganbare! Nakamura-kun!!,TV,13.0,2026,8.18,67377
482,Ginga Eiyuu Densetsu: Die Neue These - Seiran 2,Movie,4.0,2019,8.18,41826
483,Hachimitsu to Clover II,TV,12.0,2006,8.18,125193
484,Horimiya,TV,13.0,2021,8.18,1683644
485,Initial D Fourth Stage,TV,24.0,2004,8.18,218519
486,Major S2,TV,26.0,2005,8.18,77113
487,Major S4,TV,26.0,2008,8.18,70089
488,Meitantei Conan,TV,,1996,8.18,381585
489,Natsume Yuujinchou: Ishi Okoshi to Ayashiki Raihousha,Movie,1.0,2021,8.18,54247
490,Nomad: Megalo Box 2,TV,13.0,2021,8.18,232679
491,Non Non Biyori Repeat,TV,12.0,2015,8.18,215425
492,Sasaki to Miyano,TV,12.0,2022,8.18,244033
493,Tengen Toppa Gurren Lagann Movie 1: Gurren-hen,Movie,1.0,2008,8.18,195012
494,Tensei shitara Slime Datta Ken 4th Season,TV,24.0,2026,8.18,249382
495,Tsue to Tsurugi no Wistoria Season 2,TV,12.0,2026,8.18,222722
496,xxxHOLiC Rou,OVA,2.0,2010,8.18,86931
497,Yoru wa Mijikashi Arukeyo Otome,Movie,1.0,2017,8.18,143827
498,Yubisaki to Renren,TV,12.0,2024,8.18,362164
499,Aria the Natural,TV,26.0,2006,8.17,86977
500,Bakuman.,TV,25.0,2010,8.17,662862
501,Chihayafuru,TV,25.0,2011,8.17,501099
502,"Kamisama Hajimemashita: Kamisama, Shiawase ni Naru",OVA,1.0,2016,8.17,75031
503,Kidou Senshi Gundam: The Origin - Zenya Akai Suisei,TV,13.0,2019,8.17,28968
504,Kuroshitsuji: Midori no Majo-hen,TV,13.0,2025,8.17,78122
505,Little Busters! Refrain,TV,13.0,2013,8.17,177981
506,One Piece Movie 14: Stampede,Movie,1.0,2019,8.17,225427
507,Quanzhi Gaoshou Specials,ONA,3.0,2018,8.17,113408
508,Seishun Buta Yarou wa Santa Claus no Yume wo Minai,TV,13.0,2025,8.17,230702
509,Tamayura: Sotsugyou Shashin Part 4 - Ashita,Movie,1.0,2016,8.17,13953
510,Yuukoku no Moriarty,TV,11.0,2020,8.17,517754
511,Akira,Movie,1.0,1988,8.16,970153
512,Bungou Stray Dogs 2nd Season,TV,12.0,2016,8.16,964229
513,Higurashi no Naku Koro ni Kai,TV,24.0,2007,8.16,524932
514,Lupin III: Cagliostro no Shiro,Movie,1.0,1979,8.16,139926
515,No Game No Life: Zero,Movie,1.0,2017,8.16,959634
516,Ouran Koukou Host Club,TV,26.0,2006,8.16,1245954
517,Sono Bisque Doll wa Koi wo Suru Season 2,TV,12.0,2025,8.16,508584
518,Yuusha-Ou GaoGaiGar Final,OVA,8.0,2000,8.16,13071
519,Ao Ashi,TV,24.0,2022,8.15,265664
520,Ao no Hako,TV,25.0,2024,8.15,355437
521,Dr. Stone: Stone Wars,TV,11.0,2021,8.15,1226351
522,Jigokuraku 2nd Season,TV,12.0,2026,8.15,418717
523,Princess Tutu,TV,38.0,2002,8.15,187834
524,The Fable,TV,25.0,2024,8.15,114847
525,Black Clover,TV,170.0,2017,8.14,1938294
526,Boku no Hero Academia 7th Season,TV,21.0,2024,8.14,507785
527,Cang Yuan Tu,ONA,26.0,2023,8.14,5833
528,Dr. Stone: New World,TV,11.0,2023,8.14,626741
529,Fate/stay night Movie: Heaven's Feel - I. Presage Flower,Movie,1.0,2017,8.14,525068
530,Fate/strange Fake: Whispers of Dawn,TV,1.0,2023,8.14,128632
531,Golden Kamuy 4th Season,TV,13.0,2022,8.14,126608
532,Kaiba,TV,12.0,2008,8.14,184274
533,Kaze Tachinu,Movie,1.0,2013,8.14,394143
534,Kimetsu no Yaiba: Katanakaji no Sato-hen,TV,11.0,2023,8.14,1148186
535,Kotarou wa Hitorigurashi,ONA,10.0,2022,8.14,211994
536,Lupin III: Part 5,TV,24.0,2018,8.14,49530
537,Lycoris Recoil,TV,13.0,2022,8.14,608632
538,Major: Message,OVA,1.0,2010,8.14,44462
539,Non Non Biyori Nonstop: Bukatsu wo Ganbatta,OVA,1.0,2022,8.14,39908
540,Noragami Aragoto,TV,13.0,2015,8.14,1568646
541,Stand By Me Doraemon,Movie,1.0,2014,8.14,64895
542,Toaru Kagaku no Railgun T,TV,25.0,2020,8.14,269330
543,Death Parade,TV,12.0,2015,8.13,1938571
544,Eiga Daisuki Pompo-san,Movie,1.0,2021,8.13,71436
545,Eizouken ni wa Te wo Dasu na!,TV,12.0,2020,8.13,374491
546,Ginga Eiyuu Densetsu Gaiden,OVA,24.0,1998,8.13,27519
547,Given: Uragawa no Sonzai,OVA,1.0,2021,8.13,104696
548,Haikyuu!! Movie 1: Owari to Hajimari,Movie,1.0,2015,8.13,128340
549,Hidamari Sketch: Sae Hiro Sotsugyou-hen,OVA,2.0,2013,8.13,17083
550,Holo no Graffiti,ONA,,2019,8.13,58658
551,IDOLiSH7 Second Beat!,TV,15.0,2020,8.13,36676
552,Interstella5555: The 5tory of The 5ecret 5tar 5ystem,Movie,1.0,2003,8.13,83821
553,"Kamiina Botan, Yoeru Sugata wa Yuri no Hana",TV,12.0,2026,8.13,62256
554,Kamisama Hajimemashita,TV,13.0,2012,8.13,740661
555,Kono Subarashii Sekai ni Shukufuku wo! 3: Bonus Stage,OVA,2.0,2025,8.13,88374
556,Kyoukai no Kanata Movie 2: I'll Be Here - Mirai-hen,Movie,1.0,2015,8.13,295723
557,Mahou Shoujo Lyrical Nanoha: The Movie 2nd A's,Movie,1.0,2012,8.13,27548
558,Nodame Cantabile: Paris-hen,TV,11.0,2008,8.13,131278
559,Ookami to Koushinryou: Merchant Meets the Wise Wolf,TV,25.0,2024,8.13,269811
560,Ore dake Level Up na Ken,TV,12.0,2024,8.13,1187683
561,Working!!! Lord of the Takanashi,Special,1.0,2016,8.13,109430
562,Diamond no Ace,TV,75.0,2013,8.12,270401
563,Fullmetal Alchemist,TV,51.0,2003,8.12,1571621
564,Gintama': Futon ni Haitte kara Buki Nokoshi ni Kizuite Neru ni Nerenai Toki mo Aru,Special,1.0,2015,8.12,46163
565,Haikyuu!! Movie 2: Shousha to Haisha,Movie,1.0,2015,8.12,114792
566,Horimiya: Piece,TV,13.0,2023,8.12,480215
567,Initial D Fifth Stage,TV,14.0,2012,8.12,175622
568,Katekyou Hitman Reborn!,TV,203.0,2006,8.12,591113
569,Meitantei Conan Movie 05: Tengoku e no Countdown,Movie,1.0,2001,8.12,70965
570,Mo Dao Zu Shi Q,ONA,30.0,2020,8.12,28322
571,Nisemonogatari,TV,11.0,2012,8.12,781389
572,Precure All Stars Movie F,Movie,1.0,2023,8.12,4925
573,Seirei no Moribito,TV,26.0,2007,8.12,238185
574,Shinigami Bocchan to Kuro Maid 3rd Season,TV,12.0,2024,8.12,74195
575,Sono Bisque Doll wa Koi wo Suru,TV,12.0,2022,8.12,1369429
576,Tensei shitara Slime Datta Ken,TV,24.0,2018,8.12,1679692
577,Yuusha-kei ni Shosu: Choubatsu Yuusha 9004-tai Keimu Kiroku,TV,12.0,2026,8.12,353054
578,Akatsuki no Yona OVA,OVA,3.0,2015,8.11,147814
579,Dr. Stone: Ryuusui,TV,1.0,2022,8.11,403542
580,Fumetsu no Anata e Season 2,TV,20.0,2022,8.11,348498
581,Gankutsuou,TV,24.0,2004,8.11,274088
582,Given Movie 1,Movie,1.0,2020,8.11,268192
583,Hinamatsuri,TV,12.0,2018,8.11,560444
584,JoJo no Kimyou na Bouken Part 3: Stardust Crusaders,TV,24.0,2014,8.11,1397380
585,Kuragehime,TV,11.0,2010,8.11,268227
586,Meitantei Conan Movie 14: Tenkuu no Lost Ship,Movie,1.0,2010,8.11,63545
587,Mirai Shounen Conan,TV,26.0,1978,8.11,58703
588,Saiki Kusuo no Ψ-nan: Ψ-shidou-hen,ONA,6.0,2019,8.11,254292
589,Saint Seiya: The Lost Canvas - Meiou Shinwa 2,OVA,13.0,2011,8.11,81792
590,Shokugeki no Souma,TV,24.0,2015,8.11,1762580
591,Silent Witch: Chinmoku no Majo no Kakushigoto,TV,13.0,2025,8.11,238361
592,Tsurune: Tsunagari no Issha,TV,13.0,2023,8.11,70196
593,Chuunibyou demo Koi ga Shitai! Movie: Take On Me,Movie,1.0,2018,8.1,307928
594,Enen no Shouboutai: San no Shou Part 2,TV,13.0,2026,8.1,218965
595,Girls & Panzer: Saishuushou Part 2,Movie,1.0,2019,8.1,47163
596,Kidou Senshi Gundam 00,TV,25.0,2007,8.1,236599
597,Koukaku Kidoutai: Stand Alone Complex - Solid State Society,TV,1.0,2006,8.1,109466
598,One Piece Film: Z,Movie,1.0,2012,8.1,320233
599,One Piece: Episode of Nami - Koukaishi no Namida to Nakama no Kizuna,TV,1.0,2012,8.1,77116
600,Serial Experiments Lain,TV,13.0,1998,8.1,921369
601,"Shangri-La Frontier: Kusoge Hunter, Kamige ni Idoman to su",TV,25.0,2023,8.1,490075
602,Shen Yin Wangzuo,ONA,26.0,2022,8.1,11487
603,Skip to Loafer,TV,12.0,2023,8.1,354573
604,Spy x Family Movie: Code: White,Movie,1.0,2023,8.1,262105
605,Yuanshen: Jinzhong Ge,ONA,1.0,2024,8.1,7537
606,Zhan Shen: Fanchen Shenyu,ONA,15.0,2024,8.1,7119
607,Blue Lock,TV,24.0,2022,8.09,927626
608,Boku no Hero Academia: More,TV,1.0,2026,8.09,75268
609,Buddy Daddies,TV,12.0,2023,8.09,366860
610,Gin no Saji,TV,11.0,2013,8.09,316743
611,Gintama°: Umai-mono wa Atomawashi ni Suru to Yokodorisareru kara Yappari Saki ni Kue,Special,1.0,2015,8.09,37878
612,Hajime no Ippo: Boxer no Kobushi,Special,1.0,2003,8.09,64033
613,Kamisama Hajimemashita OVA,OVA,2.0,2013,8.09,151415
614,Kidou Senshi Gundam Unicorn,OVA,7.0,2010,8.09,108787
615,Kuroko no Basket: Saikou no Present desu,Special,1.0,2015,8.09,119491
616,Mahoutsukai no Yome: Hoshi Matsu Hito,OVA,3.0,2016,8.09,300925
617,Mairimashita! Iruma-kun 4th Season,TV,24.0,2026,8.09,91626
618,Toki wo Kakeru Shoujo,Movie,1.0,2006,8.09,846614
619,Azumanga Daiou The Animation,TV,26.0,2002,8.08,437333
620,BanG Dream! Ave Mujica,TV,13.0,2025,8.08,39123
621,City Hunter 2,TV,63.0,1988,8.08,31942
622,City The Animation,TV,13.0,2025,8.08,93504
623,Detroit Metal City,OVA,12.0,2008,8.08,226397
624,Durarara!!,TV,24.0,2010,8.08,1504419
625,Guangyin Zhi Wai 2,ONA,52.0,2026,8.08,1130
626,Hikaru no Go,TV,75.0,2001,8.08,151516
627,Jigokuraku,TV,13.0,2023,8.08,989576
628,Kimi no Koto ga Daidaidaidaidaisuki na 100-nin no Kanojo 3rd Season,TV,12.0,2026,8.08,76827
629,Kimi wa Houkago Insomnia,TV,13.0,2023,8.08,285612
630,Kono Subarashii Sekai ni Shukufuku wo!,TV,10.0,2016,8.08,2180790
631,Kuroko no Basket Movie 4: Last Game,Movie,1.0,2017,8.08,354910
632,Kyou kara Ore wa!!,OVA,10.0,1993,8.08,41019
633,Paripi Koumei,TV,12.0,2022,8.08,334326
634,Persona 3 the Movie 4: Winter of Rebirth,Movie,1.0,2016,8.08,87318
635,Tsubasa: Shunraiki,OVA,2.0,2009,8.08,65804
636,Tsukimonogatari,TV,4.0,2014,8.08,448514
637,Tu Bian Yingxiong X Concept Movie,Movie,1.0,2022,8.08,3749
638,Uchouten Kazoku 2,TV,12.0,2017,8.08,69829
639,Zankyou no Terror,TV,11.0,2014,8.08,1299325
640,Ansatsu Kyoushitsu,TV,22.0,2015,8.07,2245834
641,Baccano! Specials,Special,3.0,2008,8.07,188096
642,Ginga Eiyuu Densetsu: Arata naru Tatakai no Overture,Movie,1.0,1993,8.07,40983
643,Ginga Eiyuu Densetsu: Die Neue These - Seiran 1,Movie,4.0,2019,8.07,34515
644,Gintama: Nanigoto mo Saisho ga Kanjin nanode Tashou Senobisuru Kurai ga Choudoyoi,Special,1.0,2005,8.07,61565
645,Given Movie 2: Hiiragi Mix,Movie,1.0,2024,8.07,52932
646,Jibaku Shounen Hanako-kun 2 Part 2,TV,12.0,2025,8.07,61724
647,Kanata no Astra,TV,12.0,2019,8.07,351669
648,Kidou Senshi Gundam 00 Second Season,TV,25.0,2008,8.07,162989
649,Kidou Senshi Gundam: Tekketsu no Orphans,TV,25.0,2015,8.07,277550
650,Kodomo no Omocha (TV),TV,102.0,1996,8.07,80103
651,Make Heroine ga Oosugiru!,TV,12.0,2024,8.07,350424
652,Saint Seiya: Meiou Hades Juuni Kyuu-hen,OVA,13.0,2002,8.07,63865
653,Skip Beat!,TV,25.0,2008,8.07,289478
654,Tunshi Xingkong,ONA,26.0,2020,8.07,13355
655,Honzuki no Gekokujou: Shisho ni Naru Tame ni wa Shudan wo Erandeiraremasen 2nd Season,TV,12.0,2020,8.06,264422
656,Honzuki no Gekokujou: Shisho ni Naru Tame ni wa Shudan wo Erandeiraremasen 3rd Season,TV,10.0,2022,8.06,205011
657,Kidou Keisatsu Patlabor 2 the Movie,Movie,1.0,1993,8.06,47697
658,Koukaku Kidoutai: Stand Alone Complex - The Laughing Man,OVA,1.0,2005,8.06,45073
659,Kuroshitsuji: Book of Circus,TV,10.0,2014,8.06,447789
660,Meitantei Conan Movie 08: Ginyoku no Magician,Movie,1.0,2004,8.06,63269
661,Meitantei Conan Movie 18: Ijigen no Sniper,Movie,1.0,2014,8.06,49494
662,NieR:Automata Ver1.1a Part 2,TV,12.0,2024,8.06,114934
663,Overlord IV,TV,13.0,2022,8.06,649716
664,Shoushimin Series 2nd Season,TV,12.0,2025,8.06,58893
665,Angel Beats!,TV,13.0,2010,8.05,2221105
666,Dorohedoro,TV,12.0,2020,8.05,661781
667,Durarara!!x2 Ketsu,TV,12.0,2016,8.05,405720
668,Ginga Eiyuu Densetsu Gaiden (1999),OVA,28.0,1999,8.05,23164
669,Gintama: Dai Hanseikai,Special,1.0,2010,8.05,42302
670,Glass no Kamen (2005),TV,51.0,2005,8.05,45460
671,JoJo no Kimyou na Bouken Part 6: Stone Ocean,ONA,12.0,2021,8.05,633437
672,Karasu wa Aruji wo Erabanai,TV,20.0,2024,8.05,64203
673,Koukyoushihen Eureka Seven,TV,50.0,2005,8.05,464060
674,Mahoutsukai no Yome,TV,24.0,2017,8.05,1030200
675,Meitantei Conan Movie 25: Halloween no Hanayome,Movie,1.0,2022,8.05,21391
676,Paprika,Movie,1.0,2006,8.05,625326
677,Shokugeki no Souma: Ni no Sara,TV,13.0,2016,8.05,1216499
678,Spy x Family Season 2,TV,12.0,2023,8.05,703643
679,Yowamushi Pedal: Grande Road,TV,24.0,2014,8.05,151873
680,Akatsuki no Yona,TV,24.0,2014,8.04,950257
681,Black Lagoon,TV,12.0,2006,8.04,1126858
682,Boku no Hero Academia 2nd Season,TV,25.0,2017,8.04,2764873
683,Darker than Black: Kuro no Keiyakusha,TV,25.0,2007,8.04,1015735
684,FLCL,OVA,6.0,2000,8.04,908196
685,Golden Boy,OVA,6.0,1995,8.04,468454
686,Gosick,TV,24.0,2011,8.04,613108
687,Gridman Universe,Movie,1.0,2023,8.04,42941
688,Hanada Shounen-shi,TV,25.0,2002,8.04,19042
689,Hyouka,TV,22.0,2012,8.04,1495029
690,Kuroko no Basket,TV,25.0,2012,8.04,1329159
691,Kuroshitsuji: Book of Murder,OVA,2.0,2015,8.04,275522
692,Meitantei Conan Movie 03: Seikimatsu no Majutsushi,Movie,1.0,1999,8.04,73298
693,Omoide no Marnie,Movie,1.0,2014,8.04,339179
694,Quanzhi Gaoshou: Dianfeng Rongyao,Movie,1.0,2019,8.04,57482
695,Shingeki no Kyojin Movie 2: Jiyuu no Tsubasa,Movie,1.0,2015,8.04,160835
696,World Trigger 2nd Season,TV,12.0,2021,8.04,178739
697,Yuru Camp△ Season 3,TV,12.0,2024,8.04,106349
698,Black Lagoon: Roberta's Blood Trail,OVA,5.0,2010,8.03,335878
699,Diamond no Ace: Act II Second Season,TV,13.0,2026,8.03,23471
700,Douluo Dalu II: Jueshi Tangmen,ONA,182.0,2023,8.03,7582
701,Fate/stay night: Unlimited Blade Works Prologue,TV,1.0,2014,8.03,353256
702,Fujimoto Tatsuki 17-26,ONA,8.0,2025,8.03,99062
703,Ginga Nagareboshi Gin,TV,21.0,1986,8.03,30406
704,Hibike! Euphonium,TV,13.0,2015,8.03,518084
705,Hyouge Mono,TV,39.0,2011,8.03,32504
706,JoJo no Kimyou na Bouken Part 6: Stone Ocean Part 2,ONA,12.0,2022,8.03,373823
707,Kidou Senshi Gundam 0080: Pocket no Naka no Sensou,OVA,6.0,1989,8.03,71860
708,Kill la Kill,TV,24.0,2013,8.03,1867303
709,Lovely★Complex,TV,24.0,2007,8.03,667219
710,Meitantei Conan Movie 04: Hitomi no Naka no Ansatsusha,Movie,1.0,2000,8.03,69727
711,Meitantei Conan Movie 10: Tantei-tachi no Requiem,Movie,1.0,2006,8.03,62903
712,Mononoke Movie 1: Karakasa,Movie,1.0,2024,8.03,53874
713,No Game No Life,TV,12.0,2014,8.03,2580955
714,Omae Umasou da na,Movie,1.0,2010,8.03,23180
715,One Piece Film: Strong World,Movie,1.0,2009,8.03,282004
716,Ore dake Level Up na Ken: ReAwakening,Movie,1.0,2024,8.03,54052
717,Sakura-sou no Pet na Kanojo,TV,24.0,2012,8.03,1336097
718,Shadows House 2nd Season,TV,12.0,2022,8.03,143007
719,Shijou Saikyou no Deshi Kenichi,TV,50.0,2006,8.03,327161
720,Toradora!,TV,25.0,2008,8.03,2392139
721,xxxHOLiC Shunmuki,OVA,2.0,2009,8.03,76841
722,Youkoso Jitsuryoku Shijou Shugi no Kyoushitsu e 2nd Season,TV,13.0,2022,8.03,828425
723,BanG Dream! Movie: Episode of Roselia - II: Song I Am.,Movie,1.0,2021,8.02,13059
724,Dennou Coil,TV,26.0,2007,8.02,161438
725,Full Metal Panic? Fumoffu,TV,12.0,2003,8.02,314288
726,Hikaru ga Shinda Natsu,TV,12.0,2025,8.02,326729
727,Mairimashita! Iruma-kun 2nd Season,TV,21.0,2021,8.02,383633
728,Naruto,TV,220.0,2002,8.02,3157778
729,Pui Pui Molcar,TV,12.0,2021,8.02,19796
730,Slayers Next,TV,26.0,1996,8.02,76594
731,Yahari Ore no Seishun Love Comedy wa Machigatteiru. Zoku OVA,OVA,1.0,2016,8.02,278090
732,Apocalypse Hotel,TV,12.0,2025,8.01,82950
733,Fanren Xiu Xian Zhuan 2nd Season,ONA,51.0,2021,8.01,5652
734,Haibane Renmei,TV,13.0,2002,8.01,346192
735,Juuni Kokuki,TV,45.0,2002,8.01,176659
736,Karakai Jouzu no Takagi-san 2,TV,12.0,2019,8.01,365724
737,Kimi ni Todoke,TV,25.0,2009,8.01,1090086
738,Kono Subarashii Sekai ni Shukufuku wo! 2: Kono Subarashii Geijutsu ni Shukufuku wo!,OVA,1.0,2017,8.01,413013
739,Touch,TV,101.0,1985,8.01,40416
740,"Toumei na Yoru ni Kakeru Kimi to, Me ni Mienai Koi wo Shita.",TV,12.0,2026,8.01,80449
741,Tsuki ga Kirei,TV,12.0,2017,8.01,604452
742,Wan Sheng Jie 2,ONA,12.0,2020,8.01,15925
743,"Watashi ga Koibito ni Nareru Wake Nai jan, Muri Muri! (※Muri ja Nakatta!?) (TV Special)",TV,5.0,2026,8.01,38549
744,Yuuki Yuuna wa Yuusha de Aru: Washio Sumi no Shou 3 - Yakusoku,Movie,1.0,2017,8.01,16701
745,5-toubun no Hanayome ∬,TV,12.0,2021,8.0,835522
746,Aria the Benedizione,Movie,1.0,2021,8.0,12253
747,Aria the OVA: Arietta,OVA,1.0,2007,8.0,42509
748,Baby Steps 2nd Season,TV,25.0,2015,8.0,96653
749,BanG Dream! 3rd Season,TV,13.0,2020,8.0,44762
750,Bleach,TV,366.0,2004,8.0,2248561
751,D.Gray-man,TV,103.0,2006,8.0,737160
752,Fullmetal Alchemist: Brotherhood Specials,Special,4.0,2009,8.0,170818
753,Kara no Kyoukai Movie 3: Tsuukaku Zanryuu,Movie,1.0,2008,8.0,245181
754,Kidou Senshi Gundam: Dai 08 MS Shoutai,OVA,12.0,1996,8.0,95746
755,Kimetsu no Yaiba: Hashira Geiko-hen,TV,8.0,2024,8.0,810137
756,Magi: The Labyrinth of Magic,TV,25.0,2012,8.0,1133585
757,Meitantei Conan Movie 15: Chinmoku no Quarter,Movie,1.0,2011,8.0,54243
758,"Natsu e no Tunnel, Sayonara no Deguchi",Movie,1.0,2022,8.0,270526
759,Saint Seiya: The Lost Canvas - Meiou Shinwa,OVA,13.0,2009,8.0,117668
760,Summer Wars,Movie,1.0,2009,8.0,555478
761,Toaru Kagaku no Railgun S,TV,24.0,2013,8.0,416922
762,Tokyo Magnitude 8.0,TV,11.0,2009,8.0,316549
763,Tonikaku Kawaii: SNS,OVA,1.0,2021,8.0,184170
764,Tunshi Xingkong Movie: Xueluo Dalu,Movie,1.0,2024,8.0,2361
765,Wan Sheng Jie 3,ONA,12.0,2022,8.0,11047
766,Yahari Ore no Seishun Love Comedy wa Machigatteiru.,TV,13.0,2013,8.0,1589901
767,Ao no Exorcist: Yosuga-hen,TV,12.0,2025,7.99,92470
768,Cheng He Titong,ONA,24.0,2024,7.99,17828
769,Clannad,TV,23.0,2007,7.99,1527856
770,Evangelion Movie 1: Jo,Movie,1.0,2007,7.99,626809
771,Saiunkoku Monogatari 2nd Season,TV,39.0,2007,7.99,45657
772,Shingeki no Kyojin Season 2 Movie: Kakusei no Houkou,Movie,1.0,2018,7.99,86769
773,SK∞,TV,12.0,2021,7.99,641642
774,Tsumiki no Ie,Movie,1.0,2008,7.99,102145
775,Vampire Hunter D (2000),Movie,1.0,2000,7.99,254166
776,Yuri!!! on Ice: Yuri Plisetsky GPF in Barcelona EX - Welcome to The Madness,Special,1.0,2017,7.99,93161
777,Boku no Hero Academia 3rd Season,TV,25.0,2018,7.98,2411997
778,Dragon Ball,TV,153.0,1986,7.98,1153970
779,ef: A Tale of Melodies.,TV,12.0,2008,7.98,171553
780,Fanren Xiu Xian Zhuan: Mulan Zhi Zhan,ONA,52.0,2026,7.98,1720
781,Girls Band Cry Movie,Movie,2.0,2025,7.98,9746
782,Hachimitsu to Clover,TV,24.0,2005,7.98,287686
783,Kaichou wa Maid-sama!,TV,26.0,2010,7.98,1353839
784,Kara no Kyoukai Movie: Mirai Fukuin,Movie,1.0,2013,7.98,127429
785,Mignon,ONA,12.0,2023,7.98,39847
786,Ruri no Houseki,TV,13.0,2025,7.98,95989
787,Takarajima,TV,26.0,1978,7.98,25465
788,Uma Musume: Pretty Derby - Road to the Top (Movie),Movie,1.0,2024,7.98,23319
789,Wolf's Rain OVA,OVA,4.0,2004,7.98,77918
790,Zombieland Saga Revenge,TV,12.0,2021,7.98,241115
791,Aishang Ta de Liyou Extra,ONA,1.0,2024,7.97,11043
792,Akagami no Shirayuki-hime 2nd Season,TV,12.0,2016,7.97,394010
793,Bishoujo Senshi Sailor Moon: Sailor Stars,TV,34.0,1996,7.97,123679
794,Black Clover: Mahou Tei no Ken,Movie,1.0,2023,7.97,277212
795,Bungou Stray Dogs Wan!,TV,12.0,2021,7.97,137546
796,Code Geass: Hangyaku no Lelouch III - Oudou,Movie,1.0,2018,7.97,105982
797,Densetsu Kyojin Ideon: Hatsudou-hen,Movie,1.0,1982,7.97,13507
798,Durarara!!x2 Shou,TV,12.0,2015,7.97,517418
799,Eve no Jikan,ONA,6.0,2008,7.97,197516
800,Gake no Ue no Ponyo,Movie,1.0,2008,7.97,665289
801,Girls & Panzer: Saishuushou Part 1,Movie,1.0,2017,7.97,60045
802,Jian Lai 2nd Season,ONA,27.0,2025,7.97,1504
803,Kami nomi zo Shiru Sekai: Megami-hen,TV,12.0,2013,7.97,369710
804,Kidou Senshi Gundam Thunderbolt: December Sky,Movie,1.0,2016,7.97,29365
805,Kimi ni Todoke 2nd Season,TV,12.0,2011,7.97,565933
806,Kindaichi Shounen no Jikenbo,TV,148.0,1997,7.97,37028
807,Kizumonogatari: Koyomi Vamp,Movie,1.0,2024,7.97,23472
808,Koukaku Kidoutai: Stand Alone Complex 2nd GIG - Individual Eleven,OVA,1.0,2006,7.97,33198
809,Kurenai no Buta,Movie,1.0,1992,7.97,293075
810,School Rumble Ni Gakki,TV,26.0,2006,7.97,173424
811,Shokugeki no Souma: San no Sara,TV,12.0,2017,7.97,1050533
812,xxxHOLiC,TV,24.0,2006,7.97,352953
813,Yi Nian Yong Heng,ONA,52.0,2020,7.97,24239
814,Crayon Shin-chan Movie 09: Arashi wo Yobu Mouretsu! Otona Teikoku no Gyakushuu,Movie,1.0,2001,7.96,13794
815,Durarara!!x2 Ten,TV,12.0,2015,7.96,424153
816,Hidamari Sketch x Honeycomb,TV,12.0,2012,7.96,28033
817,Hokuto no Ken,TV,109.0,1984,7.96,145093
818,Honzuki no Gekokujou: Shisho ni Naru Tame ni wa Shudan wo Erandeiraremasen,TV,14.0,2019,7.96,384048
819,IDOLiSH7 Vibrato,ONA,8.0,2018,7.96,18162
820,Kakushigoto,TV,12.0,2020,7.96,357191
821,Kidou Senshi Gundam Thunderbolt,ONA,4.0,2015,7.96,65751
822,"Komi-san wa, Comyushou desu. 2nd Season",TV,12.0,2022,7.96,567921
823,Koukaku Kidoutai 2.0,Movie,1.0,2008,7.96,95045
824,Mahou Shoujo Lyrical Nanoha A's,TV,13.0,2005,7.96,70285
825,Ookiku Furikabutte: Natsu no Taikai-hen,TV,13.0,2010,7.96,47948
826,Ranma ½ (2024),TV,12.0,2024,7.96,178927
827,ReLIFE,TV,13.0,2016,7.96,1155810
828,Rurouni Kenshin: Meiji Kenkaku Romantan - Seisou-hen,OVA,2.0,2001,7.96,90292
829,Shen Yin Wangzuo Movie: Yi Lai Ke Si Chuanqi,Movie,1.0,2025,7.96,1661
830,Wan Sheng Jie,ONA,12.0,2020,7.96,33747
831,Youjo Senki,TV,12.0,2017,7.96,1072885
832,Aikatsu! 10th Story: Mirai e no Starway (2023),Movie,1.0,2023,7.95,3180
833,Aria the Origination: Sono Choppiri Himitsu no Basho ni...,Special,1.0,2008,7.95,23980
834,BanG Dream! Film Live 2nd Stage,Movie,1.0,2021,7.95,10099
835,Eve no Jikan (Movie),Movie,1.0,2010,7.95,131781
836,Fanren Xiu Xian Zhuan: Xinghai Feichi Prologue,ONA,4.0,2023,7.95,15096
837,Full Moon wo Sagashite,TV,52.0,2002,7.95,119005
838,Ginga Sengoku Gunyuuden Rai,TV,52.0,1994,7.95,18239
839,High Score Girl: Extra Stage,OVA,3.0,2019,7.95,83078
840,Jibaku Shounen Hanako-kun 2,TV,12.0,2025,7.95,107573
841,Les Misérables: Shoujo Cosette,TV,52.0,2007,7.95,35000
842,Macross F Movie 2: Sayonara no Tsubasa,Movie,1.0,2011,7.95,30137
843,Macross: Do You Remember Love?,Movie,1.0,1984,7.95,54882
844,Major Movie: Yuujou no Winning Shot,Movie,1.0,2008,7.95,22464
845,Maoujou de Oyasumi,TV,12.0,2020,7.95,254708
846,Sayonara Lara,TV,12.0,2026,7.95,53437
847,Tennis no Oujisama: Zenkoku Taikai-hen - Final,OVA,7.0,2008,7.95,39419
848,5-toubun no Hanayome∽,TV,2.0,2023,7.94,103909
849,Akane-banashi,TV,12.0,2026,7.94,76488
850,Douluo Dalu,ONA,26.0,2018,7.94,34991
851,Fate/Grand Order: Zettai Majuu Sensen Babylonia,TV,21.0,2019,7.94,317685
852,High Score Girl II,TV,9.0,2019,7.94,153143
853,Kanon (2006),TV,24.0,2006,7.94,294755
854,Kobato.,TV,24.0,2009,7.94,178874
855,Kono Oto Tomare!,TV,13.0,2019,7.94,357218
856,Non Non Biyori,TV,12.0,2013,7.94,459359
857,Noragami,TV,12.0,2014,7.94,2338103
858,Rising Impact Season 2,ONA,14.0,2024,7.94,16172
859,Sword Art Online: Progressive Movie - Hoshi Naki Yoru no Aria,Movie,1.0,2021,7.94,291249
860,Tekkon Kinkreet,Movie,1.0,2006,7.94,125926
861,Working!!!,TV,13.0,2015,7.94,265809
862,Wotaku ni Koi wa Muzukashii OVA,OVA,3.0,2019,7.94,237859
863,Yofukashi no Uta,TV,13.0,2022,7.94,801154
864,You Shou Yan 3rd Season,ONA,12.0,2024,7.94,1214
865,"Clannad: Mou Hitotsu no Sekai, Tomoyo-hen",Special,1.0,2008,7.93,322527
866,Fate/kaleid liner Prisma☆Illya Movie: Sekka no Chikai,Movie,1.0,2017,7.93,106584
867,Hug tto! Precure,TV,49.0,2018,7.93,32083
868,Ie Naki Ko,TV,51.0,1977,7.93,19973
869,Nagi no Asu kara,TV,26.0,2013,7.93,642465
870,Sakasama no Patema,Movie,1.0,2013,7.93,325527
871,Touhai Densetsu Akagi: Yami ni Maiorita Tensai,TV,26.0,2005,7.93,115531
872,xxxHOLiC Movie: Manatsu no Yoru no Yume,Movie,1.0,2005,7.93,71858
873,Zhu Xian 2nd Season,ONA,26.0,2024,7.93,3642
874,Zhu Xian 3rd Season,ONA,26.0,2025,7.93,1731
875,Benghuai: Xing Qiong Tiedao - Gelamo de Yujin,ONA,1.0,2024,7.92,3629
876,Berserk: Ougon Jidai-hen - Memorial Edition,TV,13.0,2022,7.92,55996
877,Bishoujo Senshi Sailor Moon S,TV,38.0,1994,7.92,160339
878,Boku no Hero Academia the Movie 2: Heroes:Rising,Movie,1.0,2019,7.92,641153
879,Dead Dead Demons Dededede Destruction (ONA),ONA,17.0,2024,7.92,71817
880,Ginga Tokkyuu Milky☆Subway,TV,12.0,2025,7.92,22542
881,Gochuumon wa Usagi desu ka? Bloom,TV,12.0,2020,7.92,73569
882,Heartcatch Precure!,TV,49.0,2010,7.92,37762
883,Hidamari Sketch x ☆☆☆,TV,12.0,2010,7.92,31366
884,Hikaru no Go: Hokuto Hai e no Michi,Special,1.0,2004,7.92,26276
885,Ie Naki Ko Remy,TV,23.0,1996,7.92,24184
886,Initial D Third Stage,Movie,1.0,2001,7.92,211045
887,Kidou Senshi Zeta Gundam,TV,50.0,1985,7.92,89774
888,Love Live! The School Idol Movie,Movie,1.0,2015,7.92,139734
889,Mahoutsukai no Yome Season 2 Part 2,TV,12.0,2023,7.92,128481
890,Mawaru Penguindrum,TV,24.0,2011,7.92,322723
891,My Melody & Kuromi,ONA,12.0,2025,7.92,7777
892,Nurarihyon no Mago: Sennen Makyou,TV,24.0,2011,7.92,173866
893,Osomatsu-san,TV,25.0,2015,7.92,182494
894,Plastic Memories,TV,13.0,2015,7.92,1043826
895,Shokugeki no Souma: San no Sara - Tootsuki Ressha-hen,TV,12.0,2018,7.92,781519
896,Summer Ghost,Movie,1.0,2021,7.92,157013
897,Wu Dong Qian Kun 6th Season,ONA,12.0,2025,7.92,1689
898,Yowamushi Pedal,TV,38.0,2013,7.92,249399
899,BanG Dream! Movie: Poppin' Dream!,Movie,1.0,2022,7.91,13875
900,Bungou Stray Dogs: Dead Apple,Movie,1.0,2018,7.91,319244
901,City Hunter,TV,51.0,1987,7.91,92971
902,Code Geass: Fukkatsu no Lelouch,Movie,1.0,2019,7.91,349329
903,Eyeshield 21,TV,145.0,2005,7.91,197429
904,Full Metal Panic! The Second Raid,TV,13.0,2005,7.91,275374
905,Hanamonogatari,TV,5.0,2014,7.91,459067
906,Kaleido Star,TV,51.0,2003,7.91,93495
907,Kimi to Boku. 2,TV,13.0,2012,7.91,95089
908,Kuuchuu Buranko,TV,11.0,2009,7.91,103986
909,Love Live! Superstar!!,TV,12.0,2021,7.91,79760
910,Meitantei Conan Movie 27: 100-man Dollar no Michishirube,Movie,1.0,2024,7.91,14825
911,Nekomonogatari: Kuro,TV,4.0,2012,7.91,595167
912,Ojamajo Doremi Na-i-sho,OVA,13.0,2004,7.91,13409
913,One Piece Film: Strong World Episode 0,OVA,1.0,2010,7.91,93311
914,Phantom: Requiem for the Phantom,TV,26.0,2009,7.91,360244
915,Tamako Love Story,Movie,1.0,2014,7.91,434106
916,Usagi Drop Specials,Special,4.0,2011,7.91,75489
917,Wotaku ni Koi wa Muzukashii,TV,11.0,2018,7.91,1118546
918,Xingchen Bian 6th Season,ONA,28.0,2025,7.91,1741
919,Yakitate!! Japan,TV,69.0,2004,7.91,105962
920,Youkoso Jitsuryoku Shijou Shugi no Kyoushitsu e 3rd Season,TV,13.0,2024,7.91,558991
921,Yuru Yuri San☆Hai!,TV,12.0,2015,7.91,134526
922,Akage no Anne,TV,50.0,1979,7.9,53049
923,Atarashii Joushi wa Do Tennen,TV,12.0,2023,7.9,75085
924,Chiikawa Movie: Ningyo no Shima no Himitsu,Movie,1.0,2026,7.9,3471
925,Cike Wu Liuqi,ONA,10.0,2018,7.9,144171
926,Date A Live II: Kurumi Star Festival,OVA,1.0,2014,7.9,202895
927,Doraemon (1979),TV,1787.0,1979,7.9,73238
928,Dungeon ni Deai wo Motomeru no wa Machigatteiru Darou ka V: Houjou no Megami-hen,TV,15.0,2024,7.9,229296
929,Ergo Proxy,TV,23.0,2006,7.9,727674
930,Gakuen Babysitters,TV,12.0,2018,7.9,384884
931,Hanma Baki: Son of Ogre 2nd Season,ONA,27.0,2023,7.9,122289
932,I Byeol-e Pil-yohan,ONA,1.0,2025,7.9,21157
933,IDOLiSH7 Movie: LIVE 4bit - BEYOND THE PERiOD,Movie,2.0,2023,7.9,4607
934,Karigurashi no Arrietty,Movie,1.0,2010,7.9,400074
935,Kobayashi-san Chi no Maid Dragon,TV,13.0,2017,7.9,1343644
936,Kokoro Connect: Michi Random,Special,4.0,2012,7.9,276152
937,Love Live! Superstar!! 3rd Season,TV,12.0,2024,7.9,22939
938,Lupin III (2015),TV,24.0,2015,7.9,78753
939,Niehime to Kemono no Ou,TV,24.0,2023,7.9,104437
940,Oniisama e...,TV,39.0,1991,7.9,57997
941,Overlord III,TV,13.0,2018,7.9,1025309
942,Sakamoto Days Part 2,TV,11.0,2025,7.9,273730
943,Shingeki no Kyojin OVA,OVA,3.0,2013,7.9,513147
944,Trigun: Badlands Rumble,Movie,1.0,2010,7.9,155729
945,Vanitas no Karte,TV,12.0,2021,7.9,642984
946,You Shou Yan 4th Season,ONA,12.0,2024,7.9,1175
947,Yuri!!! on Ice,TV,12.0,2016,7.9,963458
948,Ze Tian Ji (2026),ONA,26.0,2026,7.9,1907
949,Darker than Black: Kuro no Keiyakusha Gaiden,Special,4.0,2010,7.89,271566
950,Doupo Cangqiong 3rd Season,ONA,12.0,2019,7.89,11846
951,Final Fantasy VII: Advent Children Complete,OVA,1.0,2009,7.89,139104
952,Golden Kamuy,TV,12.0,2018,7.89,468314
953,Hanasaku Iroha,TV,26.0,2011,7.89,349553
954,Hoozuki no Reitetsu 2nd Season,TV,13.0,2017,7.89,51747
955,Log Horizon,TV,25.0,2013,7.89,1192906
956,Macross,TV,36.0,1982,7.89,126286
957,Meitantei Conan OVA 09: 10-nengo no Stranger,OVA,1.0,2009,7.89,22809
958,One Piece: Gyojin Tou-hen,TV,21.0,2024,7.89,41450
959,Ore Monogatari!!,TV,24.0,2015,7.89,743945
960,Overlord,TV,13.0,2015,7.89,1779498
961,Paradise Kiss,TV,12.0,2005,7.89,265942
962,Rock wa Lady no Tashinami deshite,TV,13.0,2025,7.89,87181
963,Romantic Killer,ONA,12.0,2022,7.89,304350
964,Shingeki no Kyojin Movie 1: Guren no Yumiya,Movie,1.0,2014,7.89,148833
965,Shirokuma Cafe,TV,50.0,2012,7.89,103445
966,Space☆Dandy,TV,13.0,2014,7.89,395700
967,Tamayura: Sotsugyou Shashin Part 3 - Akogare,Movie,1.0,2015,7.89,12124
968,Tate no Yuusha no Nariagari,TV,25.0,2019,7.89,1789745
969,Wu Dong Qian Kun 5th Season,ONA,12.0,2025,7.89,2632
970,Zoku Sayonara Zetsubou Sensei,TV,13.0,2008,7.89,141329
971,Aria the Avvenire,Special,3.0,2015,7.88,31955
972,Code Geass: Hangyaku no Lelouch I - Koudou,Movie,1.0,2017,7.88,115723
973,Drifters,TV,12.0,2016,7.88,625021
974,Free! Eternal Summer: Kindan no All Hard!,Special,1.0,2015,7.88,99270
975,Go! Princess Precure,TV,50.0,2015,7.88,35242
976,InuYasha,TV,167.0,2000,7.88,870301
977,Jian Lai,ONA,26.0,2024,7.88,3106
978,Jormungand: Perfect Order,TV,12.0,2012,7.88,211117
979,Kidou Senshi Gundam: Suisei no Majo Season 2,TV,12.0,2023,7.88,111893
980,Koukaku Kidoutai (TV),TV,10.0,2026,7.88,93524
981,Lupin the IIIrd: Chikemuri no Ishikawa Goemon,Movie,1.0,2017,7.88,46709
982,Macross F,TV,25.0,2008,7.88,157112
983,Meitantei Conan Movie 02: 14-banme no Target,Movie,1.0,1998,7.88,71009
984,New Initial D Movie: Legend 3 - Mugen,Movie,1.0,2016,7.88,32823
985,Osomatsu-san Movie,Movie,1.0,2019,7.88,17336
986,Promare,Movie,1.0,2019,7.88,307038
987,Quanzhi Gaoshou 2,ONA,12.0,2020,7.88,131186
988,Sakigake!! Cromartie Koukou,TV,26.0,2003,7.88,157018
989,School Rumble,TV,26.0,2004,7.88,347453
990,Shijou Saikyou no Deshi Kenichi OVA,OVA,11.0,2012,7.88,62897
991,SKET Dance: Imouto no Nayami ni Nayamu Ani ni Nayamu Imouto to Sono Nakama-tachi,OVA,1.0,2013,7.88,23828
992,Tennis no Oujisama: Zenkoku Taikai-hen,OVA,13.0,2006,7.88,49926
993,Urusei Yatsura 2: Beautiful Dreamer,Movie,1.0,1984,7.88,25045
994,Ushio to Tora (TV) 2nd Season,TV,13.0,2016,7.88,141693
995,Yagate Kimi ni Naru,TV,13.0,2018,7.88,390042
996,Yuusha-Ou GaoGaiGar,TV,49.0,1997,7.88,25676
997,Zetsuen no Tempest,TV,24.0,2012,7.88,629632
998,Berserk: Ougon Jidai-hen II - Doldrey Kouryaku,Movie,1.0,2012,7.87,235623
999,Carnival Phantasm,OVA,12.0,2011,7.87,212931
1000,Death Billiards,Movie,1.0,2013,7.87,254246
1001,Free! Movie 5: The Final Stroke - Kouhen,Movie,1.0,2022,7.87,48931
1002,Hibike! Euphonium Movie 2: Todoketai Melody,Movie,1.0,2017,7.87,37262
1003,Higurashi no Naku Koro ni,TV,26.0,2006,7.87,866543
1004,Hoozuki no Reitetsu 2nd Season: Sono Ni,TV,13.0,2018,7.87,32419
1005,Jigoku Shoujo Futakomori,TV,26.0,2006,7.87,172839
1006,JoJo no Kimyou na Bouken (TV),TV,26.0,2012,7.87,1893132
1007,K-On!,TV,13.0,2009,7.87,1143164
1008,Kidou Senshi Gundam: Suisei no Majo - Prologue,Special,1.0,2022,7.87,56942
1009,Kimi no Koto ga Daidaidaidaidaisuki na 100-nin no Kanojo 2nd Season,TV,12.0,2025,7.87,191786
1010,Liang Bu Yi 2nd Season,ONA,24.0,2022,7.87,7358
1011,Magic Kaito 1412,TV,24.0,2014,7.87,136857
1012,Mahou Shoujo Lyrical Nanoha: The Movie 1st,Movie,1.0,2010,7.87,34634
1013,Megalo Box,TV,13.0,2018,7.87,551594
1014,Meitantei Conan Movie 01: Tokei Jikake no Matenrou,Movie,1.0,1997,7.87,80096
1015,Meitantei Conan Movie 23: Konjou no Fist,Movie,1.0,2019,7.87,34996
1016,New Panty & Stocking with Garterbelt,TV,13.0,2025,7.87,91762
1017,Ookiku Furikabutte,TV,25.0,2007,7.87,107184
1018,Tennis no Oujisama: Zenkoku Taikai-hen - Semifinal,OVA,6.0,2007,7.87,40813
1019,Terra e... (TV),TV,24.0,2007,7.87,67333
1020,Yuanshen: Weixing Zhi Lu,ONA,1.0,2024,7.87,4571
1021,Yuzuki-san Chi no Yonkyoudai.,TV,12.0,2023,7.87,76048
1022,Anne Shirley,TV,24.0,2025,7.86,56761
1023,Boku no Hero Academia 4th Season,TV,25.0,2019,7.86,1935995
1024,Capeta,TV,52.0,2005,7.86,42546
1025,ef: A Tale of Memories.,TV,12.0,2007,7.86,271644
1026,K-On!!: Keikaku!,Special,1.0,2011,7.86,137467
1027,Kami nomi zo Shiru Sekai II,TV,12.0,2011,7.86,411947
1028,Kingdom,TV,38.0,2012,7.86,267179
1029,Kuroshitsuji: Kishuku Gakkou-hen,TV,11.0,2024,7.86,114547
1030,Machikado Mazoku: 2-choume,TV,12.0,2022,7.86,78301
1031,Meitantei Conan Movie 22: Zero no Shikkounin,Movie,1.0,2018,7.86,36388
1032,Musekinin Kanchou Tylor,TV,26.0,1993,7.86,55738
1033,Non Non Biyori Repeat: Hotaru ga Tanoshinda,OVA,1.0,2016,7.86,54333
1034,One Piece Film: Gold,Movie,1.0,2016,7.86,255339
1035,Ookami to Koushinryou II: Ookami to Kohakuiro no Yuuutsu,OVA,1.0,2009,7.86,183436
1036,Saiunkoku Monogatari,TV,39.0,2006,7.86,106099
1037,Sonny Boy,TV,12.0,2021,7.86,393406
1038,Soul Eater,TV,51.0,2008,7.86,1794970
1039,Tsue to Tsurugi no Wistoria,TV,12.0,2024,7.86,421834
1040,Yume-iro Pâtissière,TV,50.0,2009,7.86,92494
1041,Zan Sayonara Zetsubou Sensei,TV,13.0,2009,7.86,114668
1042,Akachan to Boku,TV,35.0,1996,7.85,38052
1043,Bishoujo Senshi Sailor Moon Cosmos Movie,Movie,2.0,2023,7.85,29188
1044,Cool Doji Danshi,TV,24.0,2022,7.85,116151
1045,Hidamari Sketch x 365,TV,13.0,2008,7.85,47374
1046,High☆Speed! Movie: Free! Starting Days,Movie,1.0,2015,7.85,100719
1047,K-On!: Live House!,Special,1.0,2010,7.85,174714
1048,Kaleido Star: Legend of Phoenix - Layla Hamilton Monogatari,OVA,1.0,2005,7.85,15664
1049,Kotonoha no Niwa,Movie,1.0,2013,7.85,942330
1050,Lupin III vs. Meitantei Conan: The Movie,Movie,1.0,2013,7.85,37239
1051,Otonari no Tenshi-sama ni Itsunomanika Dame Ningen ni Sareteita Ken,TV,12.0,2023,7.85,470804
1052,Quanzhi Gaoshou,ONA,12.0,2017,7.85,397034
1053,Shingeki no Kyojin: Chronicle,Movie,1.0,2020,7.85,100911
1054,Tennis no Oujisama,TV,178.0,2001,7.85,199236
1055,Top wo Nerae! Gunbuster,OVA,6.0,1988,7.85,147022
1056,Urusei Yatsura (2022) 2nd Season,TV,23.0,2022,7.85,59365
1057,Wanmei Shijie,ONA,338.0,2021,7.85,14769
1058,Wu Dong Qian Kun 3rd Season,ONA,12.0,2022,7.85,5718
1059,Wu Shan Wu Xing (2020),ONA,3.0,2020,7.85,74548
1060,Yuru Yuri Nachuyachumi!,OVA,1.0,2015,7.85,79675
1061,Beelzebub,TV,60.0,2011,7.84,636630
1062,Carole & Tuesday,TV,24.0,2019,7.84,354997
1063,Dark Gathering,TV,25.0,2023,7.84,193165
1064,Dragon Ball Z Special 2: Zetsubou e no Hankou!! Nokosareta Chousenshi - Gohan to Trunks,Special,1.0,1993,7.84,136751
1065,Giant Robo the Animation: Chikyuu ga Seishi Suru Hi,OVA,7.0,1992,7.84,31558
1066,Ginga Eiyuu Densetsu: Waga Yuku wa Hoshi no Taikai,Movie,1.0,1988,7.84,46395
1067,Haikyuu!! Riku vs. Kuu,OVA,2.0,2020,7.84,353290
1068,Hanasaku Iroha Movie: Home Sweet Home,Movie,1.0,2013,7.84,98934
1069,Kidou Senshi Gundam: Suisei no Majo,TV,12.0,2022,7.84,190736
1070,Kuroko no Basket Movie 3: Winter Cup - Tobira no Mukou,Movie,1.0,2016,7.84,62611
1071,Madogiwa no Totto-chan,Movie,1.0,2023,7.84,5933
1072,Mairimashita! Iruma-kun 3rd Season,TV,21.0,2022,7.84,257878
1073,Natsume Yuujinchou Shichi: Nobashita Te wa,Special,1.0,2025,7.84,12953
1074,Noragami Aragoto OVA,OVA,2.0,2015,7.84,274264
1075,One Piece: Episode of East Blue - Luffy to 4-nin no Nakama no Daibouken,TV,1.0,2017,7.84,48618
1076,Owarimonogatari 2nd Season Recaps,TV,2.0,2017,7.84,28849
1077,Sayonara Zetsubou Sensei,TV,12.0,2007,7.84,369721
1078,Seitokai Yakuindomo* OVA,OVA,10.0,2014,7.84,86543
1079,Sekaiichi Hatsukoi OVA,OVA,2.0,2011,7.84,74941
1080,Star☆Twinkle Precure: Hoshi no Uta ni Omoi wo Komete,Movie,1.0,2019,7.84,5232
1081,Tonikaku Kawaii,TV,12.0,2020,7.84,854518
1082,Tsuki ga Michibiku Isekai Douchuu 2nd Season,TV,25.0,2024,7.84,346059
1083,Turn A Gundam,TV,50.0,1999,7.84,56756
1084,Undead Girl Murder Farce,TV,13.0,2023,7.84,189099
1085,Wu Dong Qian Kun 4th Season,ONA,12.0,2023,7.84,3243
1086,Yuuki Yuuna wa Yuusha de Aru: Washio Sumi no Shou 2 - Tamashii,Movie,1.0,2017,7.84,15884
1087,Ano Hi Mita Hana no Namae wo Bokutachi wa Mada Shiranai. Movie,Movie,1.0,2013,7.83,316661
1088,Arknights: Rise from Ember,TV,10.0,2025,7.83,38956
1089,Durarara!! Specials,Special,2.0,2010,7.83,174868
1090,Hoozuki no Reitetsu OVA,OVA,4.0,2015,7.83,19454
1091,Magi: Sinbad no Bouken (TV),TV,13.0,2016,7.83,523000
1092,Michiko to Hatchin,TV,22.0,2008,7.83,226068
1093,New Initial D Movie: Legend 2 - Tousou,Movie,1.0,2015,7.83,48762
1094,One Piece 3D2Y: Ace no Shi wo Koete! Luffy Nakama to no Chikai,TV,1.0,2014,7.83,103941
1095,Oomuro-ke: Dear Sisters,Movie,1.0,2024,7.83,19641
1096,Pokemon XY&Z,TV,47.0,2015,7.83,168802
1097,Seihou Bukyou Outlaw Star,TV,24.0,1998,7.83,173035
1098,Sekaiichi Hatsukoi Movie: Yokozawa Takafumi no Baai,Movie,1.0,2014,7.83,72887
1099,Shingeki no Kyojin: Lost Girls,OVA,3.0,2017,7.83,342265
1100,SK∞ OVA: Extra Part,OVA,1.0,2025,7.83,51788
1101,Tamayura: Sotsugyou Shashin Part 2 - Hibiki,Movie,1.0,2015,7.83,12512
1102,Tiger & Bunny,TV,25.0,2011,7.83,239781
1103,Tteotda Keunyeo!!,ONA,5.0,2003,7.83,25704
1104,Uma Musume: Pretty Derby - Road to the Top,ONA,4.0,2023,7.83,49477
1105,Wan Sheng Jie 4,ONA,12.0,2023,7.83,19377
1106,Yomi no Tsugai,TV,24.0,2026,7.83,239966
1107,Youkoso Jitsuryoku Shijou Shugi no Kyoushitsu e 4th Season: 2-nensei-hen 1 Gakki,TV,16.0,2026,7.83,259205
1108,5-toubun no Hanayome Movie,Movie,1.0,2022,7.82,335281
1109,91 Days,TV,12.0,2016,7.82,803216
1110,Aishang Ta de Liyou,ONA,22.0,2023,7.82,57486
1111,Aoki Hagane no Arpeggio: Ars Nova Movie 2 - Cadenza,Movie,1.0,2015,7.82,45451
1112,Boku no Hero Academia,TV,13.0,2016,7.82,3349252
1113,Break Blade Movie 4: Sanka no Chi,Movie,1.0,2010,7.82,71558
1114,City Hunter 3,TV,13.0,1989,7.82,37379
1115,Crayon Shin-chan,TV,,1992,7.82,95472
1116,Danshi Koukousei no Nichijou Specials,Special,6.0,2012,7.82,159823
1117,Digimon Adventure: Bokura no War Game!,Movie,1.0,2000,7.82,99124
1118,Enen no Shouboutai: Ni no Shou,TV,24.0,2020,7.82,936678
1119,Flanders no Inu (Movie),Movie,1.0,1997,7.82,36519
1120,Giji Harem,TV,12.0,2024,7.82,241375
1121,Gnosia,TV,21.0,2025,7.82,59807
1122,Gungrave,TV,26.0,2003,7.82,221567
1123,Heike Monogatari,TV,11.0,2022,7.82,95606
1124,Hidamari Sketch x ☆☆☆ Specials,TV,2.0,2010,7.82,28713
1125,Igano Kabamaru,TV,24.0,1983,7.82,12917
1126,Jibaku Shounen Hanako-kun,TV,12.0,2020,7.82,698595
1127,Jungle wa Itsumo Hare nochi Guu,TV,26.0,2001,7.82,52279
1128,Kidou Senshi Gundam: Senkou no Hathaway,Movie,1.0,2021,7.82,65658
1129,Kochira Katsushikaku Kameari Kouenmae Hashutsujo,TV,373.0,1996,7.82,22215
1130,Kono Subarashii Sekai ni Shukufuku wo!: Kono Subarashii Choker ni Shukufuku wo!,OVA,1.0,2016,7.82,450079
1131,Ling Long: Incarnation Part 2,ONA,6.0,2020,7.82,3927
1132,One Piece Film: Red,Movie,1.0,2022,7.82,233762
1133,Planetarian: Hoshi no Hito,Movie,1.0,2016,7.82,54747
1134,Seitokai Yakuindomo Movie,Movie,1.0,2017,7.82,66946
1135,Suzumiya Haruhi no Yuuutsu,TV,14.0,2006,7.82,991526
1136,Tentai Senshi Sunred 2nd Season,TV,26.0,2009,7.82,8856
1137,Uchouten Kazoku,TV,13.0,2013,7.82,191301
1138,Youkoso Jitsuryoku Shijou Shugi no Kyoushitsu e,TV,12.0,2017,7.82,1497888
1139,BanG Dream! It's MyGO!!!!! Movie,Movie,2.0,2024,7.81,3485
1140,Gekkan Shoujo Nozaki-kun,TV,12.0,2014,7.81,1005369
1141,Ginga Eiyuu Densetsu: Die Neue These - Kaikou,TV,12.0,2018,7.81,107780
1142,Grisaia no Meikyuu: Caprice no Mayu 0,TV,1.0,2015,7.81,260513
1143,Id:Invaded,TV,13.0,2020,7.81,433637
1144,Jungle wa Itsumo Hare nochi Guu Deluxe,OVA,6.0,2002,7.81,14288
1145,Kara no Kyoukai Movie 4: Garan no Dou,Movie,1.0,2008,7.81,242132
1146,Kengan Ashura Season 2 Part 2,ONA,16.0,2024,7.81,32947
1147,Kidou Senshi Gundam: Senkou no Hathaway - Circe no Majo,Movie,1.0,2026,7.81,18123
1148,Little Witch Academia (TV),TV,25.0,2017,7.81,719561
1149,Lupin the IIIrd: Jigen Daisuke no Bohyou,Movie,1.0,2014,7.81,33679
1150,Maria-sama ga Miteru 3rd,OVA,5.0,2006,7.81,25501
1151,Mind Game,Movie,1.0,2004,7.81,98556
1152,New Initial D Movie: Legend 1 - Kakusei,Movie,1.0,2014,7.81,44901
1153,Nitian Xie Shen,ONA,30.0,2023,7.81,2867
1154,Shadows House,TV,13.0,2021,7.81,287817
1155,Shanhe Jian Xin,ONA,16.0,2021,7.81,24038
1156,Slayers Try,TV,26.0,1997,7.81,59846
1157,Somali to Mori no Kamisama,TV,12.0,2020,7.81,322246
1158,Tamon-kun Ima Docchi!?,TV,13.0,2026,7.81,103620
1159,Tasogare Otome x Amnesia,TV,12.0,2012,7.81,455099
1160,Tokyo Revengers: Tenjiku-hen,TV,13.0,2023,7.81,282673
1161,Working'!!,TV,13.0,2011,7.81,290583
1162,Yuru Yuri♪♪,TV,12.0,2012,7.81,211401
1163,Yuukoku no Moriarty OVA,OVA,2.0,2022,7.81,50446
1164,Break Blade Movie 5: Shisen no Hate,Movie,1.0,2011,7.8,57492
1165,Bungou Stray Dogs,TV,12.0,2016,7.8,1573642
1166,Dance Dance Danseur,TV,11.0,2022,7.8,106512
1167,Eikoku Koi Monogatari Emma: Molders-hen,TV,12.0,2007,7.8,42997
1168,Gochuumon wa Usagi desu ka?? Dear My Sister,Movie,1.0,2017,7.8,46453
1169,Goku Sayonara Zetsubou Sensei,OVA,3.0,2008,7.8,79922
1170,Haikyuu!! (OVA),OVA,10.0,2020,7.8,36778
1171,InuYasha Movie 3: Tenka Hadou no Ken,Movie,1.0,2003,7.8,120348
1172,Lucky☆Star: Original na Visual to Animation,OVA,1.0,2008,7.8,153740
1173,Lupin III: Part II,TV,155.0,1977,7.8,39776
1174,Lupin III: The First,Movie,1.0,2019,7.8,48815
1175,Magi: Sinbad no Bouken,OVA,5.0,2014,7.8,148740
1176,Mahoujin Guruguru (2017),TV,24.0,2017,7.8,35335
1177,Meitantei Conan Movie 08: Ginyoku no Time Travel Recap,Movie,1.0,2004,7.8,23125
1178,MF Ghost 2nd Season,TV,12.0,2024,7.8,52186
1179,Ojamajo Doremi Dokkaan!,TV,51.0,2002,7.8,19730
1180,One Piece Movie 06: Omatsuri Danshaku to Himitsu no Shima,Movie,1.0,2005,7.8,123906
1181,Oomuro-ke: Dear Friends,Movie,1.0,2024,7.8,10748
1182,Sekaiichi Hatsukoi 2,TV,12.0,2011,7.8,178284
1183,Seto no Hanayome OVA,OVA,2.0,2008,7.8,56517
1184,The Last: Naruto the Movie,Movie,1.0,2014,7.8,677976
1185,Tokyo Revengers,TV,24.0,2021,7.8,1427750
1186,Trigun Stampede,TV,12.0,2023,7.8,241192
1187,Xian Ni Movie: Shenlin Zhi Zhan,Movie,1.0,2025,7.8,1883
1188,Baby Steps,TV,25.0,2014,7.79,167158
1189,Blue Period,TV,12.0,2021,7.79,538460
1190,Change!! Getter Robo: Sekai Saigo no Hi,OVA,13.0,1998,7.79,18606
1191,Clevatess: Majuu no Ou to Akago to Shikabane no Yuusha,TV,12.0,2025,7.79,218941
1192,Digimon Adventure,TV,54.0,1999,7.79,429815
1193,Doraemon (2005),TV,,2005,7.79,23825
1194,Dragon Ball Kai,TV,97.0,2009,7.79,439937
1195,Ginga Tetsudou 999,TV,113.0,1978,7.79,47283
1196,Hibike! Euphonium Movie 3: Chikai no Finale,Movie,1.0,2019,7.79,87166
1197,Jormungand,TV,12.0,2012,7.79,402948
1198,Kokoro ga Sakebitagatterunda.,Movie,1.0,2015,7.79,358167
1199,Little Witch Academia,Movie,1.0,2013,7.79,327051
1200,Macross F Movie 1: Itsuwari no Utahime,Movie,1.0,2009,7.79,33253
1201,Meitantei Conan Movie 07: Meikyuu no Crossroad,Movie,1.0,2003,7.79,58019
1202,Meitantei Conan Movie 09: Suihei Senjou no Strategy,Movie,1.0,2005,7.79,55582
1203,MF Ghost 3rd Season,TV,13.0,2026,7.79,36527
1204,Seikai no Senki II,TV,10.0,2001,7.79,25916
1205,Taishou Otome Otogibanashi,TV,12.0,2021,7.79,177656
1206,Tanaka-kun wa Itsumo Kedaruge,TV,12.0,2016,7.79,519576
1207,Tokyo Ghoul,TV,12.0,2014,7.79,3091301
1208,Umibe no Étranger,Movie,1.0,2020,7.79,224823
1209,Wolf's Rain,TV,26.0,2003,7.79,356776
1210,"Yahari Ore no Seishun Love Comedy wa Machigatteiru. Kan: Dakara, Shishunki wa Owarazu ni, Seishun wa Tsuzuiteiku.",OVA,1.0,2023,7.79,132604
1211,You Shou Yan,ONA,12.0,2023,7.79,2578
1212,Beastars,TV,12.0,2019,7.78,969618
1213,Chainsaw Man Recap,ONA,2.0,2025,7.78,19095
1214,Coquelicot-zaka kara,Movie,1.0,2011,7.78,232180
1215,Emiya-san Chi no Kyou no Gohan,ONA,13.0,2018,7.78,146258
1216,"Haikyuu!! vs. ""Akaten""",OVA,1.0,2016,7.78,105334
1217,Hidamari Sketch x SP,TV,2.0,2011,7.78,17443
1218,Hoozuki no Reitetsu,TV,13.0,2014,7.78,141475
1219,Inazuma Eleven,TV,127.0,2008,7.78,243849
1220,Jin-Rou,Movie,1.0,2000,7.78,209541
1221,Kaijuu 8-gou 2nd Season,TV,11.0,2025,7.78,390602
1222,Kidou Senshi Gundam,TV,43.0,1979,7.78,154529
1223,Kidou Senshi Gundam III: Meguriai Sora-hen,Movie,1.0,1982,7.78,42743
1224,Kobayashi-san Chi no Maid Dragon S: Nippon no Omotenashi - Attend wa Dragon desu,Special,1.0,2022,7.78,85077
1225,Kuroko no Basket Movie 2: Winter Cup - Namida no Saki e,Movie,1.0,2016,7.78,44397
1226,Kuroko no Basket: Tip Off,Special,1.0,2013,7.78,113995
1227,Langlang Shan Xiao Yaoguai,Movie,1.0,2025,7.78,1352
1228,Last Exile,TV,26.0,2003,7.78,190279
1229,Magic Kaito,TV,12.0,2010,7.78,79573
1230,Meitantei Conan Movie 12: Senritsu no Full Score,Movie,1.0,2008,7.78,52279
1231,Meitantei Conan Movie 24: Hiiro no Dangan,Movie,1.0,2021,7.78,26288
1232,Mushoku Tensei: Isekai Ittara Honki Dasu - Eris no Goblin Toubatsu,Special,1.0,2022,7.78,220743
1233,Nige Jouzu no Wakagimi,TV,12.0,2024,7.78,217166
1234,Nodame Cantabile: Finale - Mine to Kiyora no Saikai,Special,1.0,2010,7.78,47196
1235,Ranma ½,TV,161.0,1989,7.78,287180
1236,Rurouni Kenshin: Meiji Kenkaku Romantan - Kyoto Douran,TV,23.0,2024,7.78,65181
1237,Saint Seiya: Meiou Hades Meikai-hen,OVA,12.0,2005,7.78,55848
1238,Saint☆Oniisan (Movie),Movie,1.0,2013,7.78,104964
1239,Shin Kidou Senki Gundam Wing: Endless Waltz Tokubetsu-hen,Movie,1.0,1998,7.78,66825
1240,Aggressive Retsuko (ONA) 3rd Season,ONA,10.0,2020,7.77,100353
1241,Aria the Crepuscolo,Movie,1.0,2021,7.77,15626
1242,BanG Dream! Garupa☆Pico: Oomori,ONA,26.0,2020,7.77,13868
1243,Bishoujo Senshi Sailor Moon Crystal Season III,TV,13.0,2016,7.77,68903
1244,Break Blade Movie 3: Kyoujin no Ato,Movie,1.0,2010,7.77,61022
1245,"Clannad: After Story - Mou Hitotsu no Sekai, Kyou-hen",Special,1.0,2009,7.77,278738
1246,Class de 2-banme ni Kawaii Onnanoko to Tomodachi ni Natta,TV,12.0,2026,7.77,176818
1247,Code Geass: Hangyaku no Lelouch R2 Special Edition - Zero Requiem,Special,1.0,2009,7.77,52167
1248,Free! Movie 4: The Final Stroke - Zenpen,Movie,1.0,2021,7.77,65244
1249,Gochuumon wa Usagi desu ka??,TV,12.0,2015,7.77,143031
1250,Gochuumon wa Usagi desu ka?? Sing for You,OVA,1.0,2019,7.77,29591
1251,Hadashi no Gen,Movie,1.0,1983,7.77,62270
1252,Innocence,Movie,1.0,2004,7.77,181725
1253,Inu-Ou,Movie,1.0,2022,7.77,43479
1254,Kekkai Sensen & Beyond,TV,12.0,2017,7.77,481187
1255,"Komi-san wa, Comyushou desu.",TV,12.0,2021,7.77,1031504
1256,Kuroko no Basket Movie 1: Winter Cup - Kage to Hikari,Movie,1.0,2016,7.77,49193
1257,Liang Bu Yi,ONA,24.0,2021,7.77,14789
1258,Lupin the Third: Mine Fujiko to Iu Onna,TV,13.0,2012,7.77,71139
1259,Mahoutsukai no Yome Season 2,TV,12.0,2023,7.77,223931
1260,Mashle: Shinkakusha Kouho Senbatsu Shiken-hen,TV,12.0,2024,7.77,530215
1261,Master Keaton OVA,OVA,15.0,1999,7.77,12655
1262,Saint Seiya,TV,114.0,1986,7.77,206859
1263,Shiguang Dailiren Fanwai Pian: Biwu Zhaoqin,ONA,1.0,2021,7.77,57400
1264,Tianbao Fuyao Lu 2nd Season,ONA,13.0,2021,7.77,4976
1265,You Shou Yan 2nd Season,ONA,12.0,2023,7.77,1376
1266,Yuru Yuri Nachuyachumi!+,TV,2.0,2015,7.77,59776
1267,Akagami no Shirayuki-hime,TV,12.0,2015,7.76,748636
1268,Beastars Final Season,ONA,12.0,2024,7.76,118519
1269,Bishoujo Senshi Sailor Moon,TV,46.0,1992,7.76,419924
1270,Bishoujo Senshi Sailor Moon Eternal Movie 2,Movie,1.0,2021,7.76,31274
1271,Black Jack,OVA,12.0,1993,7.76,47243
1272,Boku no Kokoro no Yabai Yatsu Movie,Movie,1.0,2026,7.76,43921
1273,Charlotte,TV,13.0,2015,7.76,1788004
1274,Da Zhuzai: Nian Fan,ONA,52.0,2023,7.76,3622
1275,Fanren Xiu Xian Zhuan,ONA,17.0,2020,7.76,8814
1276,Gokinjo Monogatari,TV,50.0,1995,7.76,32731
1277,Hibi wa Sugiredo Meshi Umashi,TV,12.0,2025,7.76,54451
1278,Hug tto! Precure♡Futari wa Precure Movie: All Stars Memories,Movie,1.0,2018,7.76,5462
1279,JoJo no Kimyou na Bouken: Phantom Blood,Movie,1.0,2007,7.76,76061
1280,Kubikiri Cycle: Aoiro Savant to Zaregotozukai,OVA,8.0,2016,7.76,115155
1281,Love Live! School Idol Project 2nd Season,TV,13.0,2014,7.76,274578
1282,Lucky☆Star,TV,24.0,2007,7.76,705126
1283,Maria-sama ga Miteru 4th,TV,13.0,2009,7.76,25082
1284,Mujin Wakusei Survive,TV,52.0,2003,7.76,33656
1285,Psycho-Pass 3: First Inspector,ONA,3.0,2020,7.76,113498
1286,Saenai Heroine no Sodatekata ♭,TV,11.0,2017,7.76,403222
1287,Seishun Buta Yarou wa Odekake Sister no Yume wo Minai,Movie,1.0,2023,7.76,215495
1288,Seitokai Yakuindomo Movie 2,Movie,1.0,2021,7.76,37407
1289,"Tadaima, Okaeri",TV,12.0,2024,7.76,49035
1290,Taiyou no Ko Esteban,TV,39.0,1982,7.76,16327
1291,Tantei Gakuen Q,TV,45.0,2003,7.76,38257
1292,Texhnolyze,TV,22.0,2003,7.76,296751
1293,Tonikaku Kawaii: Joshikou-hen,ONA,4.0,2023,7.76,80894
1294,Urusei Yatsura,TV,195.0,1981,7.76,100530
1295,BanG Dream! Garupa☆Pico,ONA,26.0,2018,7.75,24648
1296,Beastars 2nd Season,TV,12.0,2021,7.75,501455
1297,Cardcaptor Sakura: Clear Card-hen Prologue - Sakura to Futatsu no Kuma,OVA,1.0,2017,7.75,47542
1298,Chuan Shu Zijiu Zhinan,ONA,10.0,2020,7.75,23762
1299,City Hunter '91,TV,13.0,1991,7.75,29532
1300,Dungeon ni Deai wo Motomeru no wa Machigatteiru Darou ka IV: Shin Shou - Meikyuu-hen,TV,11.0,2022,7.75,417616
1301,Edogawa Conan Shissou Jiken: Shijou Saiaku no Futsukakan,TV,1.0,2014,7.75,14908
1302,Free! Take Your Marks,Movie,1.0,2017,7.75,92888
1303,Gakkou no Kaidan,TV,19.0,2000,7.75,257618
1304,Gakuen Babysitters Special,Special,1.0,2018,7.75,50147
1305,Genshiken 2,TV,12.0,2007,7.75,89606
1306,Gundam Build Fighters,TV,25.0,2013,7.75,82398
1307,Honzuki no Gekokujou: Shisho ni Naru Tame ni wa Shudan wo Erandeiraremasen - Ryoushu no Youjo,TV,24.0,2026,7.75,90803
1308,Jujutsu Kaisen 2nd Season Recaps,TV,2.0,2023,7.75,38923
1309,Kara no Kyoukai Movie 2: Satsujin Kousatsu (Zen),Movie,1.0,2007,7.75,257934
1310,Luo Xiaohei Zhanji,ONA,28.0,2011,7.75,8215
1311,Lupin III vs. Meitantei Conan,TV,1.0,2009,7.75,39501
1312,Mofa Gongzhu de Xiao Fannao,ONA,16.0,2025,7.75,53181
1313,Overlord II,TV,13.0,2018,7.75,1145806
1314,Overlord Movie 3: Sei Oukoku-hen,Movie,1.0,2024,7.75,126171
1315,Saiyuuki Gaiden,OVA,3.0,2011,7.75,14857
1316,Saraiya Goyou,TV,12.0,2010,7.75,101995
1317,Sekaiichi Hatsukoi: Valentine-hen,Movie,1.0,2014,7.75,44844
1318,Shiki Specials,Special,2.0,2011,7.75,77437
1319,Shounan Bakusouzoku,OVA,12.0,1986,7.75,8620
1320,Toshokan Sensou: Kakumei no Tsubasa,Movie,1.0,2012,7.75,26352
1321,Toujima Tanzaburou wa Kamen Rider ni Naritai,TV,24.0,2025,7.75,69570
1322,Zan Sayonara Zetsubou Sensei Bangaichi,OVA,2.0,2009,7.75,42990
1323,Zhan Shen: Fanchen Shenyu II,ONA,15.0,2026,7.75,1652
1324,BanG Dream! Garupa☆Pico Fever!,ONA,26.0,2021,7.74,7903
1325,BanG Dream! Movie: Episode of Roselia - I: Yakusoku,Movie,1.0,2021,7.74,13833
1326,Bishoujo Senshi Sailor Moon R,TV,43.0,1993,7.74,173844
1327,Bishoujo Senshi Sailor Moon R: The Movie,Movie,1.0,1993,7.74,73044
1328,Colorful (Movie),Movie,1.0,2010,7.74,217482
1329,Devilman: Crybaby,ONA,10.0,2018,7.74,1295399
1330,Doraemon Movie 44: Nobita no E Sekai Monogatari,Movie,1.0,2025,7.74,2149
1331,Dragon Ball Kai (2014),TV,61.0,2014,7.74,220538
1332,Evangelion: Housou 30-shuunen Kinen Tokubetsu Kougyou,Special,1.0,2026,7.74,8038
1333,Ghost Hunt,TV,25.0,2006,7.74,244640
1334,Girls & Panzer: Kore ga Hontou no Anzio-sen desu!,OVA,1.0,2014,7.74,55973
1335,Golden Time,TV,24.0,2013,7.74,1152990
1336,Hidamari Sketch x 365 Specials,Special,3.0,2009,7.74,19431
1337,High Score Girl,TV,12.0,2018,7.74,285748
1338,Isekai Ojisan,TV,13.0,2022,7.74,439548
1339,Kidou Keisatsu Patlabor: On Television,TV,47.0,1989,7.74,47831
1340,Kidou Senshi Gundam SEED,TV,50.0,2002,7.74,187383
1341,Kimi ga Shinu made Koi wo Shitai,TV,13.0,2026,7.74,87688
1342,Kuroko no Basket: Last Game NG-shuu,Special,1.0,2017,7.74,37956
1343,Little Witch Academia: Mahoujikake no Parade,Movie,1.0,2015,7.74,180047
1344,Luo Xiaohei Zhanji: Zhongsheng Zhi Men,ONA,12.0,2021,7.74,2546
1345,Mairimashita! Iruma-kun,TV,23.0,2019,7.74,580926
1346,Meitantei Conan Movie 19: Gouka no Himawari,Movie,1.0,2015,7.73,45308
1347,Meitantei Conan OVA 10: Kid in Trap Island,OVA,1.0,2010,7.74,20016
1348,Neko to Ryuu,TV,12.0,2026,7.74,41090
1349,Panty & Stocking with Garterbelt,TV,13.0,2010,7.74,452515
1350,Pokemon: The Origin,TV,4.0,2013,7.74,248927
1351,Ranma ½ (2024) 2nd Season,TV,12.0,2024,7.74,84109
1352,Ranma ½ OVA,OVA,6.0,1993,7.74,39200
1353,Seitokai Yakuindomo OVA,OVA,8.0,2011,7.74,137640
1354,Shin Kidou Senki Gundam Wing: Endless Waltz,OVA,3.0,1997,7.74,52158
1355,Shingeki no Kyojin: The Final Season Specials,Special,2.0,2021,7.74,21324
1356,Tentai Senshi Sunred,TV,26.0,2008,7.74,23449
1357,The iDOLM@STER Cinderella Girls: U149,TV,12.0,2023,7.74,19668
1358,Udon no Kuni no Kiniro Kemari,TV,12.0,2016,7.74,145805
1359,Yamada-kun to Lv999 no Koi wo Suru,TV,13.0,2023,7.74,574010
1360,Yoru no Kurage wa Oyogenai,TV,12.0,2024,7.74,137399
1361,Zhe Tian,ONA,208.0,2023,7.74,4434
1362,Bai Yao Pu: Jingshi Pian,ONA,12.0,2022,7.73,4673
1363,Claymore,TV,26.0,2007,7.73,731498
1364,Date A Live IV,TV,12.0,2022,7.73,295406
1365,Death Note: Rewrite,TV,2.0,2007,7.73,228730
1366,Doupo Cangqiong Special 2: Sha Zhi Lan Ge,Special,3.0,2019,7.73,5171
1367,Huangjin Tingyuan: Dongri Li de Xinnian Yuanwang,ONA,2.0,2023,7.73,4154
1368,Kino no Tabi: The Beautiful World - Nanika wo Suru Tame ni - Life Goes On.,Movie,1.0,2005,7.73,63583
1369,Kumichou Musume to Sewagakari,TV,12.0,2022,7.73,266853
1370,Love Live! Nijigasaki Gakuen School Idol Doukoukai: Kanketsu-hen Part 2,Movie,1.0,2025,7.73,5878
1371,Macross Plus,OVA,4.0,1994,7.73,57298
1372,Macross Plus Movie Edition,Movie,1.0,1995,7.73,21128
1373,Memories,Movie,3.0,1995,7.73,163758
1374,Shaman King,TV,64.0,2001,7.73,387342
1375,Shokugeki no Souma: Shin no Sara,TV,12.0,2019,7.73,679214
1376,Soukou Kihei Votoms,TV,52.0,1983,7.73,30708
1377,Uchuu Senkan Yamato 2199: Hoshimeguru Hakobune,Movie,1.0,2014,7.73,16637
1378,Undead Unluck,TV,24.0,2023,7.73,358909
1379,Aggressive Retsuko (ONA) 2nd Season,ONA,10.0,2019,7.72,128492
1380,Ani ni Tsukeru Kusuri wa Nai! 2,TV,24.0,2018,7.72,56325
1381,Bakuten!! Movie,Movie,1.0,2022,7.72,22397
1382,BanG Dream! Film Live,Movie,1.0,2019,7.72,15165
1383,Cheng He Titong 2nd Season,ONA,24.0,2026,7.72,2173
1384,Chi's Sweet Home: Atarashii Ouchi,TV,104.0,2009,7.72,32653
1385,Chibi Maruko-chan,TV,142.0,1990,7.72,14355
1386,Clevatess II: Majuu no Ou to Itsuwari no Yuusha Denshou,TV,13.0,2026,7.72,85437
1387,Daicon Opening Animations,Special,2.0,1981,7.72,23931
1388,Enen no Shouboutai,TV,24.0,2019,7.72,1570692
1389,Enen no Shouboutai: San no Shou,TV,12.0,2025,7.72,337263
1390,Free! Movie 3: Road to the World - Yume,Movie,1.0,2019,7.72,32388
1391,Grisaia no Rakuen,TV,10.0,2015,7.72,440015
1392,Hakumei to Mikochi,TV,12.0,2018,7.72,73571
1393,Higashi no Eden,TV,11.0,2009,7.72,602178
1394,InuYasha: Kuroi Tessaiga,Special,1.0,2008,7.72,40176
1395,Kageki Shoujo!!,TV,13.0,2021,7.72,94264
1396,Kokoro Connect,TV,13.0,2012,7.72,897189
1397,Kyou kara Maou! 3rd Series,TV,39.0,2008,7.72,38042
1398,Kyoukai no Kanata Movie 1: I'll Be Here - Kako-hen,Movie,1.0,2015,7.72,179643
1399,Mono,TV,12.0,2025,7.72,53444
1400,Neko no Ongaeshi,Movie,1.0,2002,7.72,309416
1401,Princess Connect! Re:Dive Season 2,TV,12.0,2022,7.72,143989
1402,Princess Principal: Crown Handler 2,Movie,1.0,2021,7.72,19899
1403,Rozen Maiden: Ouvertüre,TV,2.0,2006,7.72,64510
1404,Shen Mu: Nian Fan,ONA,52.0,2025,7.72,1258
1405,Shunkashuutou Daikousha: Haru no Mai,TV,14.0,2026,7.72,89105
1406,Slayers,TV,26.0,1995,7.72,156342
1407,Tetsuwan Birdy Decode:02,TV,12.0,2009,7.72,56398
1408,Tonikaku Kawaii: Seifuku,Special,1.0,2022,7.72,115176
1409,Uchuu Kaizoku Captain Herlock,TV,42.0,1978,7.72,44100
1410,Ueki no Housoku,TV,51.0,2005,7.72,127049
1411,Xingchen Bian 5th Season,ONA,28.0,2022,7.72,2978
1412,Yao Shen Ji 7th Season,ONA,52.0,2023,7.72,3243
1413,"Akagami no Shirayuki-hime: Nandemonai Takaramono, Kono Page",OVA,1.0,2016,7.71,86578
1414,Arakawa Under the Bridge x Bridge,TV,13.0,2010,7.71,174213
1415,Berserk: Ougon Jidai-hen I - Haou no Tamago,Movie,1.0,2012,7.71,249906
1416,Date A Live V,TV,12.0,2024,7.71,148049
1417,"Doukyonin wa Hiza, Tokidoki, Atama no Ue.",TV,12.0,2019,7.71,214542
1418,Dragon Quest: Dai no Daibouken (2020),TV,100.0,2020,7.71,81624
1419,Fanren Xiu Xian Zhuan: Chongzhi Ban,ONA,21.0,2023,7.71,1819
1420,Fate/Grand Order: Shuukyoku Tokuiten - Kani Jikan Shinden Solomon,Movie,1.0,2021,7.71,91149
1421,Final Fantasy VII: Advent Children,Movie,1.0,2005,7.71,221017
1422,"Gate: Jieitai Kanochi nite, Kaku Tatakaeri Part 2",TV,12.0,2016,7.71,611448
1423,Given Movie 2: Hiiragi Mix Specials,Movie,4.0,2024,7.71,3128
1424,Isekai no Seikishi Monogatari,OVA,13.0,2009,7.71,217966
1425,Keroro Gunsou,TV,358.0,2004,7.71,84683
1426,Kidou Senshi Gundam: Gyakushuu no Char,Movie,1.0,1988,7.71,60721
1427,Koukaku Kidoutai: Stand Alone Complex - Solid State Society 3D,Movie,1.0,2011,7.71,18098
1428,Kyoukai no Kanata,TV,12.0,2013,7.71,1253831
1429,Ling Long: Incarnation Final Chapter,ONA,2.0,2021,7.71,2887
1430,Monogatari Series: Off & Monster Season - Zankoku Douwa: Utsukushi-hime,ONA,1.0,2024,7.71,13003
1431,Princess Principal: Crown Handler 3,Movie,1.0,2023,7.71,14889
1432,Princess Sara,TV,46.0,1985,7.71,24395
1433,Psycho-Pass: Sinners of the System Case.3 - Onshuu no Kanata ni＿＿,Movie,1.0,2019,7.71,112011
1434,Saiyuuki Reload: Burial,OVA,3.0,2007,7.71,14946
1435,Shiki,TV,22.0,2010,7.71,655361
1436,Shoujo Kakumei Utena: Adolescence Mokushiroku,Movie,1.0,1999,7.71,63206
1437,Sidonia no Kishi: Daikyuu Wakusei Seneki,TV,12.0,2015,7.71,126683
1438,Tamayura: Sotsugyou Shashin Part 1 - Kizashi,Movie,1.0,2015,7.71,14131
1439,Tegamibachi Reverse,TV,25.0,2010,7.71,67641
1440,Tensei shitara Slime Datta Ken 3rd Season,TV,24.0,2024,7.71,505243
1441,Tenshi no Tamago,OVA,1.0,1985,7.71,190654
1442,Tiger & Bunny Movie 2: The Rising,Movie,1.0,2014,7.71,34655
1443,Tsuki ga Michibiku Isekai Douchuu,TV,12.0,2021,7.71,575184
1444,Tunshi Xingkong Movie: Juezhan Yuanshi Xing,Movie,1.0,2026,7.71,1137
1445,Watashi no Ashinaga Ojisan,TV,40.0,1990,7.71,19782
1446,Xingchen Bian 4th Season,ONA,16.0,2022,7.71,3524
1447,Yamato Nadeshiko Shichihenge♥,TV,25.0,2006,7.71,173285
1448,Zhe Tian Movie: Bei Guan Zhan Wang Teng,Movie,1.0,2026,7.71,861
1449,Aikatsu Stars!,TV,100.0,2016,7.7,22642
1450,Bishoujo Senshi Sailor Moon S: Kaguya-hime no Koibito,Movie,1.0,1994,7.7,58735
1451,Break Blade Movie 2: Ketsubetsu no Michi,Movie,1.0,2010,7.7,64150
1452,Chuunibyou demo Koi ga Shitai!,TV,12.0,2012,7.7,1482387
1453,Doraemon Movie 27: Nobita no Shin Makai Daibouken - 7-nin no Mahoutsukai,Movie,1.0,2007,7.7,13153
1454,Fate/Grand Carnival,OVA,4.0,2020,7.7,63490
1455,Isekai Shokudou 2,TV,12.0,2021,7.7,119160
1456,Jinrui wa Suitai Shimashita,TV,12.0,2012,7.7,203073
1457,Joshikousei no Mudazukai,TV,12.0,2019,7.7,138448
1458,Kuroko no Basket 2nd Season NG-shuu,Special,9.0,2014,7.7,70085
1459,Ling Long: Incarnation Special,Special,1.0,2021,7.7,2446
1460,Lycoris Recoil: Friends Are Thieves of Time.,ONA,6.0,2025,7.7,62158
1461,Meitantei Conan Movie 16: 11-ninme no Striker,Movie,1.0,2012,7.7,49461
1462,Nezha Zhi Mo Tong Jiang Shi,Movie,1.0,2019,7.7,22984
1463,Noragami OVA,OVA,2.0,2014,7.7,341632
1464,One Piece: Episode of Sabo - 3 Kyoudai no Kizuna Kiseki no Saikai to Uketsugareru Ishi,TV,1.0,2015,7.7,45458
1465,One Punch Man: Road to Hero,OVA,1.0,2015,7.7,347032
1466,Overlord Movie 2: Shikkoku no Eiyuu,Movie,1.0,2017,7.7,98665
1467,Pokemon Concierge,ONA,4.0,2023,7.7,19001
1468,Saint Seiya: Meiou Hades Juuni Kyuu-hen - Yomigaerishi Gold Saint-tachi no Shinwa,Special,2.0,2003,7.7,10774
1469,School Rumble: Ichi Gakki Hoshuu,OVA,2.0,2005,7.7,62528
1470,Sword Art Online: Progressive Movie - Kuraki Yuuyami no Scherzo,Movie,1.0,2022,7.7,144695
1471,Tomo-chan wa Onnanoko!,TV,13.0,2023,7.7,529357
1472,Tomodachi Game,TV,12.0,2022,7.7,507129
1473,Uma Musume: Pretty Derby Season 3,TV,13.0,2023,7.7,70848
1474,Uramichi Oniisan,TV,13.0,2021,7.7,274981
1475,Ushiro no Shoumen Daare,Movie,1.0,1991,7.7,16066
1476,"Watashi ga Koibito ni Nareru Wake Nai jan, Muri Muri! (※Muri ja Nakatta!?)",TV,12.0,2025,7.7,114206
1477,Wind Breaker,TV,13.0,2024,7.7,484352
1478,Yao Shen Ji 8th Season,ONA,52.0,2024,7.7,2303
1479,Yuuki Yuuna wa Yuusha de Aru: Washio Sumi no Shou,TV,6.0,2017,7.7,49392
1480,Aria the Animation,TV,13.0,2005,7.69,180656
1481,BanG Dream! 5th Anniversary Animation: CiRCLE Thanks Party!,ONA,2.0,2022,7.69,5868
1482,Fruits Basket,TV,26.0,2001,7.69,571708
1483,Gekkan Shoujo Nozaki-kun Specials,Special,6.0,2014,7.69,146621
1484,Haikyuu!! Lev Genzan!,OVA,1.0,2015,7.69,147313
1485,Hakuouki Movie 2: Shikon Soukyuu,Movie,1.0,2014,7.69,24620
1486,Hanasakeru Seishounen,TV,39.0,2009,7.69,73810
1487,Hataraku Maou-sama!,TV,13.0,2013,7.69,1670041
1488,Hibike! Euphonium: Ensemble Contest-hen,Movie,1.0,2023,7.69,38452
1489,IDOLiSH7,TV,17.0,2018,7.69,79534
1490,Kakushigoto Movie,Movie,1.0,2021,7.69,45226
1491,Kidou Senshi Gundam Unicorn RE:0096,TV,22.0,2016,7.69,40358
1492,Kindaichi Shounen no Jikenbo Returns 2nd Season,TV,22.0,2015,7.69,13296
1493,"Kobayashi-san Chi no Maid Dragon: Valentine, Soshite Onsen! - Amari Kitai Shinaide Kudasai",Special,1.0,2017,7.69,238759
1494,Kore Kaite Shine,TV,12.0,2026,7.69,18538
1495,Kyousou Giga (TV),TV,10.0,2013,7.69,212226
1496,Little Busters! EX,Special,8.0,2014,7.69,59242
1497,Muumindani no Suisei,Movie,1.0,1992,7.69,12469
1498,Naruto: Shippuuden Movie 6 - Road to Ninja,Movie,1.0,2012,7.69,385190
1499,New Game!!,TV,12.0,2017,7.69,273413
1500,One Punch Man Specials,Special,6.0,2015,7.69,350100
1501,Psycho-Pass Movie 1,Movie,1.0,2015,7.69,294383
1502,Shigatsu wa Kimi no Uso: Moments,OVA,1.0,2015,7.69,121517
1503,Tsurune: Kazemai Koukou Kyuudou-bu,TV,13.0,2018,7.69,182784
1504,Yeon-ui Pyeonji,Movie,1.0,2025,7.69,6268
1505,"Yuru Yuri,",OVA,1.0,2019,7.69,36609
1506,Zom 100: Zombie ni Naru made ni Shitai 100 no Koto,TV,12.0,2023,7.69,701095
1507,Ani ni Tsukeru Kusuri wa Nai! 3,TV,12.0,2019,7.68,43257
1508,Asagao to Kase-san.,OVA,1.0,2018,7.68,136772
1509,Cang Yuan Tu 3,ONA,,2026,7.68,1378
1510,Cardcaptor Sakura: Clear Card-hen,TV,22.0,2018,7.68,135762
1511,Chi's Sweet Home,TV,104.0,2008,7.68,68995
1512,D.Gray-man Hallow,TV,13.0,2016,7.68,200993
1513,Doraemon Movie 07: Nobita to Tetsujin Heidan,Movie,1.0,1986,7.68,10665
1514,Doraemon Movie 26: Nobita no Kyouryuu 2006,Movie,1.0,2006,7.68,19365
1515,Doraemon Movie 33: Nobita no Himitsu Dougu Museum,Movie,1.0,2013,7.68,10793
1516,Hirogaru Sky! Precure,TV,50.0,2023,7.68,13129
1517,Hourou Musuko,TV,11.0,2011,7.68,138271
1518,Konnichiwa Anne: Before Green Gables,TV,39.0,2009,7.68,9543
1519,Koutetsujou no Kabaneri Movie 3: Unato Kessen,Movie,1.0,2019,7.68,153740
1520,Kun Tun Tianxia Zhi Zhang Men Guilai,ONA,12.0,2025,7.68,32847
1521,Love Live! Superstar!! 2nd Season,TV,12.0,2022,7.68,39415
1522,Meitantei Conan Movie 21: Karakurenai no Love Letter,Movie,1.0,2017,7.68,36594
1523,Migi to Dali,TV,13.0,2023,7.68,109239
1524,Monsters: Ippyaku Sanjou Hiryuu Jigoku,ONA,1.0,2024,7.68,52690
1525,Nurarihyon no Mago OVA,OVA,2.0,2012,7.68,26920
1526,Pokemon Movie 01: Mewtwo no Gyakushuu,Movie,1.0,1998,7.68,287649
1527,Shingeki no Kyojin Season 3 Specials,Special,7.0,2018,7.68,44956
1528,Space Cobra,TV,31.0,1982,7.68,28437
1529,Yuuki Yuuna wa Yuusha de Aru: Yuusha no Shou,TV,6.0,2017,7.68,45347
1530,Zhen Hun Jie 4th Season,ONA,26.0,2024,7.68,2363
1531,3D Kanojo: Real Girl 2nd Season,TV,12.0,2019,7.67,211532
1532,Bai Yao Pu: Si Fu Pian,ONA,12.0,2024,7.67,2987
1533,Break Blade Movie 6: Doukoku no Toride,Movie,1.0,2011,7.67,57103
1534,Cang Yuan Tu: Dongning Fu Fanwai Pian,ONA,4.0,2024,7.67,2261
1535,Doupo Cangqiong: Yuanqi,ONA,3.0,2022,7.67,4421
1536,Evangelion Movie 3: Q,Movie,1.0,2012,7.67,499183
1537,Free! Movie 2: Timeless Medley - Yakusoku,Movie,1.0,2017,7.67,48734
1538,"Gate: Jieitai Kanochi nite, Kaku Tatakaeri",TV,12.0,2015,7.67,897857
1539,Ginga Tokkyuu Milky☆Subway Movie: Kakueki Teisha Gekijou Yuki,Movie,1.0,2026,7.67,5141
1540,Ichigo Mashimaro Encore,OVA,2.0,2009,7.67,27691
1541,InuYasha Movie 2: Kagami no Naka no Mugenjou,Movie,1.0,2002,7.67,112295
1542,Jishou Akuyaku Reijou na Konyakusha no Kansatsu Kiroku.,TV,12.0,2026,7.67,71075
1543,Junjou Romantica OVA,OVA,2.0,2012,7.67,59283
1544,Karakai Jouzu no Takagi-san,TV,12.0,2018,7.67,646604
1545,Kill la Kill Specials,Special,2.0,2014,7.67,213281
1546,Kimi no Koto ga Daidaidaidaidaisuki na 100-nin no Kanojo,TV,12.0,2023,7.67,349382
1547,Kino no Tabi: The Beautiful World - Byouki no Kuni - For You,Movie,1.0,2007,7.67,54813
1548,Kui Cheng Shoufu Cong Youxi Kaishi,ONA,16.0,2024,7.67,8276
1549,Mahou Shoujo Madoka★Magica Movie 4: Walpurgis no Kaiten,Movie,1.0,2026,7.67,87338
1550,Princess Principal,TV,12.0,2017,7.67,227401
1551,Seitokai Yakuindomo*,TV,13.0,2014,7.67,274173
1552,Shoujo☆Kageki Revue Starlight,TV,12.0,2018,7.67,99706
1553,Shuumatsu Nani Shitemasu ka? Isogashii desu ka? Sukutte Moratte Ii desu ka?,TV,12.0,2017,7.67,453356
1554,Sugar Apple Fairy Tale Part 2,TV,12.0,2023,7.67,83880
1555,Trapp Ikka Monogatari,TV,40.0,1991,7.67,9728
1556,Watashi no Shiawase na Kekkon,TV,12.0,2023,7.67,396488
1557,Yama no Susume: Next Summit,TV,12.0,2022,7.67,29192
1558,ACCA: 13-ku Kansatsu-ka,TV,12.0,2017,7.66,181814
1559,Ai no Utagoe wo Kikasete,Movie,1.0,2021,7.66,125985
1560,Baka to Test to Shoukanjuu Ni!,TV,13.0,2011,7.66,387905
1561,Boku no Kokoro no Yabai Yatsu: Twi-Yaba,ONA,1.0,2023,7.66,39364
1562,Bungou Stray Dogs: Hitori Ayumu,OVA,1.0,2017,7.66,188894
1563,Daa! Daa! Daa!,TV,78.0,2000,7.66,27968
1564,Digimon Tamers,TV,51.0,2001,7.66,213612
1565,Doraemon Movie 40: Nobita no Shin Kyouryuu,Movie,1.0,2020,7.66,6066
1566,Fairy Tail (2014),TV,102.0,2014,7.66,1087138
1567,Giovanni no Shima,Movie,1.0,2014,7.66,36558
1568,Hai to Gensou no Grimgar,TV,12.0,2016,7.66,817495
1569,Hanhua Riji 3rd Season,ONA,12.0,2022,7.66,4443
1570,High School Fleet Movie,Movie,1.0,2020,7.66,19617
1571,"Himesama ""Goumon"" no Jikan desu 2nd Season",TV,12.0,2026,7.66,29587
1572,Initial D Battle Stage 2,OVA,1.0,2007,7.66,34976
1573,Junjou Romantica 2,TV,12.0,2008,7.66,189648
1574,Kami nomi zo Shiru Sekai: Tenri-hen,OVA,2.0,2012,7.66,144891
1575,Kanojo to Kanojo no Neko: Everything Flows,TV,4.0,2016,7.66,147943
1576,Kengan Ashura Part 2,ONA,12.0,2019,7.66,122998
1577,Kitarou Tanjou: Gegege no Nazo,Movie,1.0,2023,7.66,10252
1578,Kuroko no Basket 3rd Season NG-shuu,Special,9.0,2015,7.66,49186
1579,Love Live! Nijigasaki Gakuen School Idol Doukoukai 2nd Season,TV,13.0,2022,7.66,45023
1580,Love Live! Nijigasaki Gakuen School Idol Doukoukai: Kanketsu-hen,Movie,1.0,2024,7.66,9666
1581,Macross F: Close Encounter - Deculture Edition,Special,1.0,2007,7.66,13516
1582,Master Keaton,TV,24.0,1998,7.66,33314
1583,Meitantei Conan Movie 17: Zekkai no Private Eye,Movie,1.0,2013,7.66,44242
1584,Meitantei Precure!,TV,,2026,7.66,8491
1585,Mob Psycho 100: Dai Ikkai Rei toka Soudansho Ian Ryokou - Kokoro Mitasu Iyashi no Tabi,OVA,1.0,2019,7.66,121628
1586,Mousou Dairinin,TV,13.0,2004,7.66,484347
1587,Psycho-Pass Movie 2: Providence,Movie,1.0,2023,7.66,62664
1588,Rilakkuma to Kaoru-san,ONA,13.0,2019,7.66,18105
1589,Seikai no Senki,TV,13.0,2000,7.66,37094
1590,Shin Kidou Senki Gundam Wing,TV,49.0,1995,7.66,173196
1591,Shin Mazinger Shougeki! Z-hen,TV,26.0,2009,7.66,17673
1592,Tenkuu no Escaflowne,TV,26.0,1996,7.66,180459
1593,Tondemo Skill de Isekai Hourou Meshi 2,TV,12.0,2025,7.66,150672
1594,Uchuu Senkan Yamato 2202: Ai no Senshi-tachi,OVA,26.0,2017,7.66,26256
1595,Wu Dong Qian Kun 2nd Season,ONA,12.0,2020,7.66,6338
1596,Xiehou Ta de Shaonu Shidai,ONA,18.0,2024,7.66,14388
1597,Xing Yu Siwan Nian,ONA,16.0,2022,7.66,3136
1598,Arashi no Yoru ni,Movie,1.0,2005,7.65,25992
1599,Arslan Senki (TV),TV,25.0,2015,7.65,401115
1600,Binbougami ga!,TV,13.0,2012,7.65,251387
1601,Bokura wa Minna Kawai-sou,TV,12.0,2014,7.65,408849
1602,Code Geass: Hangyaku no Lelouch II - Handou,Movie,1.0,2018,7.65,84574
1603,Date A Bullet: Nightmare or Queen,Movie,1.0,2020,7.65,83683
1604,Doupo Cangqiong 2nd Season,ONA,12.0,2018,7.65,12388
1605,Doupo Cangqiong Special 1,Special,2.0,2017,7.65,6844
1606,Durarara!!x2 Shou: Watashi no Kokoro wa Nabe Moyou,Special,1.0,2015,7.65,71757
1607,Gakuen Alice,TV,26.0,2004,7.65,107578
1608,Gensou Mangekyou: The Memories of Phantasm,OVA,,2011,7.65,11818
1609,Hayate no Gotoku!!,TV,25.0,2009,7.65,120539
1610,Heartcatch Precure! Movie: Hana no Miyako de Fashion Show... desu ka!?,Movie,1.0,2010,7.65,9028
1611,Ichigo Mashimaro OVA,OVA,3.0,2007,7.65,31483
1612,Kengan Ashura Season 2,ONA,12.0,2023,7.65,50332
1613,Kimi to Boku.,TV,13.0,2011,7.65,197864
1614,Kuroshitsuji,TV,24.0,2008,7.65,1286008
1615,Layton Kyouju to Eien no Utahime,Movie,1.0,2009,7.65,31434
1616,Mahouka Koukou no Rettousei: Tsuioku-hen,TV,1.0,2021,7.65,101274
1617,Minami-ke Tadaima,TV,13.0,2013,7.65,63262
1618,Mitsudomoe Zouryouchuu!,TV,8.0,2011,7.65,49853
1619,Non Non Biyori: Okinawa e Ikukoto ni Natta,OVA,1.0,2014,7.65,71033
1620,Poyopoyo Kansatsu Nikki,TV,52.0,2012,7.65,23378
1621,Rokuhou-dou Yotsuiro Biyori,TV,12.0,2018,7.65,38028
1622,Rurouni Kenshin DVD-BOX Special Ending,Special,1.0,2007,7.65,19741
1623,Seto no Hanayome,TV,26.0,2007,7.65,349858
1624,Shirobako Movie,Movie,1.0,2020,7.65,56127
1625,Toaru Kagaku no Railgun,TV,24.0,2009,7.65,653806
1626,Tsuritama,TV,12.0,2012,7.65,178109
1627,30-sai made Doutei dato Mahoutsukai ni Nareru Rashii,TV,12.0,2024,7.64,101638
1628,Akebi-chan no Sailor-fuku,TV,12.0,2022,7.64,218694
1629,Aoi Bungaku Series,TV,12.0,2009,7.64,235587
1630,Bishoujo Senshi Sailor Moon SuperS,TV,39.0,1995,7.64,131098
1631,Cardcaptor Sakura Movie 1,Movie,1.0,1999,7.64,107192
1632,Dadao Chaotian,ONA,16.0,2024,7.64,1252
1633,Dragon Ball Z Movie 12: Fukkatsu no Fusion!! Gokuu to Vegeta,Movie,1.0,1995,7.64,172044
1634,Fanren Xiu Xian Zhuan: Yan Jia Bao Dazhan,ONA,4.0,2021,7.64,4326
1635,Full Metal Panic! The Second Raid: Wari to Hima na Sentaichou no Ichinichi,Special,1.0,2006,7.64,74530
1636,Ichigo Mashimaro,TV,12.0,2005,7.64,133418
1637,Kimagure Orange☆Road: Ano Hi ni Kaeritai,Movie,1.0,1988,7.64,11872
1638,Kuroko no Basket NG-shuu,Special,9.0,2012,7.64,70281
1639,Love Live! Sunshine!! The School Idol Movie: Over the Rainbow,Movie,1.0,2019,7.64,49889
1640,Machikado Mazoku,TV,12.0,2019,7.64,183417
1641,Meitantei Conan Movie 28: Sekigan no Flashback,Movie,1.0,2025,7.64,9147
1642,Minami-ke,TV,13.0,2007,7.64,185368
1643,Natsume Yuujinchou: Nyanko-sensei to Hajimete no Otsukai,Special,1.0,2013,7.64,39561
1644,Oniichan wa Oshimai!,TV,12.0,2023,7.64,195285
1645,Overlord Movie 1: Fushisha no Ou,Movie,1.0,2017,7.64,101781
1646,Pandora Hearts,TV,25.0,2009,7.64,456778
1647,Pretty Rhythm: Rainbow Live,TV,51.0,2013,7.64,15310
1648,Ranma ½ Super,OVA,3.0,1995,7.64,22784
1649,Sasaki to Miyano: Koi ni Kizuku Mae no Chotto Shita Hanashi.,OVA,1.0,2022,7.64,45148
1650,Seikai no Senki III,OVA,2.0,2005,7.64,19127
1651,Senki Zesshou Symphogear AXZ,TV,13.0,2017,7.64,40681
1652,Shinigami Bocchan to Kuro Maid 2nd Season,TV,12.0,2023,7.64,104244
1653,Star☆Twinkle Precure,TV,49.0,2019,7.64,14959
1654,Tonikaku Kawaii 2nd Season,TV,12.0,2023,7.64,302743
1655,Uchuu Senkan Yamato 2205: Aratanaru Tabidachi,OVA,8.0,2021,7.64,8888
1656,Wonderful Precure!,TV,50.0,2024,7.64,9717
1657,Yong Sheng: Tai Yuan Xian Fu,ONA,26.0,2025,7.64,1086
1658,Yowamushi Pedal: New Generation,TV,25.0,2017,7.64,87428
1659,5-toubun no Hanayome,TV,12.0,2019,7.63,1095710
1660,Aggressive Retsuko (ONA),ONA,10.0,2018,7.63,197999
1661,AKB0048: Next Stage,TV,13.0,2013,7.63,39279
1662,Ansatsu Kyoushitsu: Kagaijugyou-hen,ONA,8.0,2016,7.63,77977
1663,Ao Haru Ride,TV,12.0,2014,7.63,1026154
1664,Bleach Movie 4: Jigoku-hen,Movie,1.0,2010,7.63,238146
1665,Bokura wa Minna Kawai-sou: Hajimete no,Special,1.0,2015,7.63,54232
1666,Candy Candy,TV,115.0,1976,7.63,35627
1667,Dekiru Neko wa Kyou mo Yuuutsu,TV,13.0,2023,7.63,129283
1668,Drifters: Special Edition,Special,1.0,2016,7.63,37138
1669,Fairy Tail: Final Series,TV,51.0,2018,7.63,566777
1670,Fate/Grand Order: Shinsei Entaku Ryouiki Camelot 2 - Paladin; Agateram,Movie,1.0,2021,7.63,90244
1671,Genshiken,TV,12.0,2004,7.63,195072
1672,Gintama on Theater 2D: Ikkoku Keisei-hen,Movie,1.0,2024,7.63,5998
1673,Jebal Joyonghi Jom Hae!,ONA,5.0,2025,7.63,7027
1674,Kami nomi zo Shiru Sekai,TV,12.0,2010,7.63,669177
1675,Kamonohashi Ron no Kindan Suiri 2nd Season,TV,13.0,2024,7.63,68703
1676,Karaoke Iko!,TV,5.0,2025,7.63,26764
1677,Kiniro Mosaic: Thank You!!,Movie,1.0,2021,7.63,15415
1678,Lupin III,TV,23.0,1971,7.63,113180
1679,Macross Δ Movie 2: Zettai Live!!!,Movie,1.0,2021,7.63,10523
1680,Mahou Shoujo Lyrical Nanoha StrikerS,TV,26.0,2007,7.63,57042
1681,Maria-sama ga Miteru: Haru,TV,13.0,2004,7.63,30818
1682,Meitantei Conan Movie 10: Tantei-tachi no Requiem Recap,Movie,1.0,2006,7.63,11354
1683,Orange,TV,13.0,2016,7.63,910946
1684,Osomatsu-san 2nd Season,TV,25.0,2017,7.63,58104
1685,Seikai no Monshou,TV,13.0,1999,7.63,58684
1686,Sidonia no Kishi,TV,12.0,2014,7.63,247684
1687,Slam Dunk: Hoero Basketman-damashii! Hanamichi to Rukawa no Atsuki Natsu,Movie,1.0,1995,7.63,19738
1688,Soukyuu no Fafner: Dead Aggressor - Exodus Part 2,TV,13.0,2015,7.63,16629
1689,The iDOLM@STER Movie: Kagayaki no Mukougawa e!,Movie,1.0,2014,7.63,26332
1690,Tondemo Skill de Isekai Hourou Meshi,TV,12.0,2023,7.63,352315
1691,Wind Breaker Season 2,TV,12.0,2025,7.63,244841
1692,Working!!,TV,13.0,2010,7.63,458203
1693,Yama no Susume Third Season,TV,13.0,2018,7.63,29814
1694,3-nen Z-gumi Ginpachi-sensei,TV,12.0,2025,7.62,47715
1695,Ansatsu Kyoushitsu Movie: Minna no Jikan,Movie,1.0,2026,7.62,35888
1696,Ashita no Nadja,TV,50.0,2003,7.62,36922
1697,Black Jack (TV),TV,61.0,2004,7.62,41773
1698,Bounen no Xamdou,ONA,26.0,2008,7.62,154293
1699,Break Blade Movie 1: Kakusei no Toki,Movie,1.0,2010,7.62,88368
1700,Dead Dead Demons Dededede Destruction,Movie,2.0,2024,7.62,36566
1701,Di Yi Xulie,ONA,16.0,2023,7.62,2510
1702,Digimon Adventure Movie,Movie,1.0,1999,7.62,121394
1703,Flip Flappers,TV,13.0,2016,7.62,206221
1704,Free!: FrFr - Short Movie,Movie,7.0,2013,7.62,75735
1705,Fune wo Amu,TV,11.0,2016,7.62,137162
1706,Hachimitsu to Clover Specials,Special,2.0,2005,7.62,32908
1707,Hanma Baki: Son of Ogre,ONA,12.0,2021,7.62,204843
1708,Hibike! Euphonium Movie 1: Kitauji Koukou Suisougaku-bu e Youkoso,Movie,1.0,2016,7.62,35792
1709,Inuyashiki,TV,11.0,2017,7.62,712773
1710,Jungle wa Itsumo Hare nochi Guu Final,OVA,7.0,2003,7.62,10996
1711,K: Missing Kings,Movie,1.0,2014,7.62,268326
1712,Kidou Keisatsu Patlabor: New OVA,OVA,16.0,1990,7.62,13316
1713,"Kimi to, Nami ni Noretara",Movie,1.0,2019,7.62,265324
1714,Ling Long: Incarnation Middle Chapter,ONA,1.0,2019,7.62,3191
1715,"Mikadono Sanshimai wa Angai, Choroi.",TV,12.0,2025,7.62,123380
1716,Nejimaki Seirei Senki: Tenkyou no Alderamin,TV,13.0,2016,7.62,351690
1717,Nijusseiki Denki Mokuroku: Eureka Evrika,TV,13.0,2026,7.62,88061
1718,Ojamajo Carnival!!,ONA,1.0,2024,7.62,2264
1719,Piano no Mori,Movie,1.0,2007,7.62,73200
1720,Rozen Maiden: Träumend,TV,12.0,2005,7.62,111984
1721,Rurouni Kenshin: Meiji Kenkaku Romantan (2023),TV,24.0,2023,7.62,156735
1722,Shixiong A Shixiong 2nd Season,ONA,26.0,2023,7.62,2352
1723,Shuumatsu no Walküre III,ONA,15.0,2025,7.62,66779
1724,Tamayura: More Aggressive,TV,12.0,2013,7.62,23170
1725,Tensei shitara Slime Datta Ken Movie: Guren no Kizuna-hen,Movie,1.0,2022,7.62,255991
1726,Aggressive Retsuko,TV,100.0,2016,7.61,115608
1727,Arknights: Perish in Frost,TV,8.0,2023,7.61,61611
1728,D4DJ First Mix,TV,13.0,2020,7.61,48721
1729,Dakaretai Otoko 1-i ni Odosarete Imasu. Movie: Spain-hen,Movie,1.0,2021,7.61,41134
1730,Diamond no Ace: Second Season OVA,OVA,2.0,2016,7.61,12869
1731,Digimon Adventure tri. 3: Kokuhaku,Movie,1.0,2016,7.61,79073
1732,Doraemon Movie 37: Nobita no Nankyoku Kachikochi Daibouken,Movie,1.0,2017,7.61,8466
1733,Eikoku Koi Monogatari Emma,TV,12.0,2005,7.61,66450
1734,Free! Eternal Summer,TV,13.0,2014,7.61,443984
1735,Free! Movie 1: Timeless Medley - Kizuna,Movie,1.0,2017,7.61,55930
1736,Gabriel DropOut Specials,Special,2.0,2017,7.61,75902
1737,Gakkougurashi!,TV,12.0,2015,7.61,487806
1738,Genshiken OVA,OVA,3.0,2006,7.61,54752
1739,Hirano to Kagiura,Movie,1.0,2023,7.61,31208
1740,Huyao Xiao Hongniang 3: Yue Hong Pian,ONA,13.0,2016,7.61,14323
1741,Jigoku Shoujo Mitsuganae,TV,26.0,2008,7.61,108786
1742,Juubee Ninpuuchou,Movie,1.0,1993,7.61,162826
1743,Kino no Tabi: The Beautiful World - The Animated Series,TV,12.0,2017,7.61,234084
1744,Kishibe Rohan wa Ugokanai,OVA,4.0,2017,7.61,168279
1745,Koupen-chan,TV,,2025,7.61,7244
1746,Koyomimonogatari,ONA,12.0,2016,7.61,274945
1747,Kyou kara Maou!,TV,78.0,2004,7.61,124830
1748,Kyoukai no Kanata: Shinonome,Special,1.0,2014,7.61,140934
1749,Mahoujin Guruguru,TV,45.0,1994,7.61,12393
1750,Mashle,TV,12.0,2023,7.61,823837
1751,Meitantei Conan: Conan vs. Kid - Shark & Jewel,Movie,1.0,2005,7.61,9437
1752,Ongaku,Movie,1.0,2020,7.61,17541
1753,Owari no Seraph: Nagoya Kessen-hen,TV,12.0,2015,7.61,863196
1754,Persona 3 the Movie 2: Midsummer Knight's Dream,Movie,1.0,2014,7.61,98696
1755,Persona 3 the Movie 3: Falling Down,Movie,1.0,2015,7.61,88255
1756,Pokemon: Mezase Pokemon Master,TV,11.0,2023,7.61,31282
1757,PriPara,TV,140.0,2014,7.61,25217
1758,R.O.D: Read or Die,OVA,3.0,2001,7.61,78237
1759,Servant x Service,TV,13.0,2013,7.61,237852
1760,Shingeki no Bahamut: Genesis,TV,12.0,2014,7.61,441571
1761,Shixiong A Shixiong,ONA,13.0,2023,7.61,3235
1762,Tenchi Muyou! Ryououki,OVA,6.0,1992,7.61,59508
1763,Tenchi Muyou! Ryououki 2nd Season,OVA,6.0,1994,7.61,31331
1764,The iDOLM@STER,TV,25.0,2011,7.61,161206
1765,Tokyo Revengers: Seiya Kessen-hen,TV,13.0,2023,7.61,438922
1766,UFO Robo Grendizer,TV,74.0,1975,7.61,14518
1767,Utawarerumono,TV,26.0,2006,7.61,184184
1768,Bishoujo Senshi Sailor Moon Eternal Movie 1,Movie,1.0,2021,7.6,37200
1769,Blood+,TV,50.0,2005,7.6,401088
1770,Chrno Crusade,TV,24.0,2003,7.6,239637
1771,Date A Bullet: Dead or Bullet,Movie,1.0,2020,7.6,119924
1772,Fairy Tail: 100-nen Quest,TV,25.0,2024,7.6,177752
1773,Free! Dive to the Future,TV,12.0,2018,7.6,196032
1774,Fushigi Yuugi,TV,52.0,1995,7.6,130683
1775,"Fuufu Ijou, Koibito Miman.",TV,12.0,2022,7.6,453951
1776,Hakkenden: Touhou Hakken Ibun 2nd Season,TV,13.0,2013,7.6,67329
1777,Hakuouki Movie 1: Kyoto Ranbu,Movie,1.0,2013,7.6,31408
1778,Hanhua Riji 2nd Season,ONA,12.0,2020,7.6,4475
1779,Heion Sedai no Idaten-tachi,TV,11.0,2021,7.6,212517
1780,Hoshiai no Sora,TV,12.0,2019,7.6,222740
1781,Jigoku Shoujo,TV,26.0,2005,7.6,389076
1782,K: Seven Stories Movie 5 - Memory of Red - Burn,Movie,1.0,2018,7.6,24608
1783,Kareshi Kanojo no Jijou,TV,26.0,1998,7.6,258272
1784,Kekkaishi,TV,52.0,2006,7.6,119709
1785,Kidou Butouden G Gundam,TV,49.0,1994,7.6,76459
1786,Kimitachi wa Dou Ikiru ka,Movie,1.0,2023,7.6,154619
1787,Love Live! Sunshine!! 2nd Season,TV,13.0,2017,7.6,124971
1788,Mahou Shoujo ni Akogarete,TV,13.0,2024,7.6,212374
1789,Meitantei Conan Movie 09: Suihei Senjou no Strategy Recap,Movie,1.0,2005,7.6,10678
1790,Nurarihyon no Mago,TV,24.0,2010,7.6,291134
1791,Ponkotsu Fuuki Iin to Skirt-take ga Futekisetsu na JK no Hanashi,TV,12.0,2026,7.6,69130
1792,Project Sekai Movie: Kowareta Sekai to Utaenai Miku,Movie,1.0,2025,7.6,36745
1793,Puparia,ONA,1.0,2020,7.6,64309
1794,Saint Seiya: Meiou Hades Elysion-hen,OVA,6.0,2008,7.6,45109
1795,Sekaiichi Hatsukoi,TV,12.0,2011,7.6,231953
1796,Tegamibachi,TV,25.0,2009,7.6,128729
1797,Tennis no Oujisama: Another Story - Kako to Mirai no Message,OVA,4.0,2009,7.6,16673
1798,Tianbao Fuyao Lu,ONA,13.0,2020,7.6,10927
1799,Toaru Hikuushi e no Tsuioku,Movie,1.0,2011,7.6,81600
1800,Toumei Otoko to Ningen Onna: Sonouchi Fuufu ni Naru Futari,TV,12.0,2026,7.6,59445
1801,Wakakusa Monogatari: Nan to Jo-sensei,TV,40.0,1993,7.6,7639
1802,Wushen Zhuzai,ONA,720.0,2020,7.6,7017
1803,Yao Shen Ji 9th Season,ONA,52.0,2025,7.6,1381
1804,Yuuki Yuuna wa Yuusha de Aru: Washio Sumi no Shou 1 - Tomodachi,Movie,1.0,2017,7.6,16407
1805,Ani ni Tsukeru Kusuri wa Nai! 4,TV,12.0,2020,7.59,33534
1806,Asobi Asobase Specials,Special,2.0,2018,7.59,51211
1807,Black Jack 21,TV,17.0,2006,7.59,15146
1808,Boku no Hero Academia the Movie 3: World Heroes' Mission,Movie,1.0,2021,7.59,297695
1809,Bokura no,TV,24.0,2007,7.59,204415
1810,Chuuka Ichiban!,TV,52.0,1997,7.59,22138
1811,Dragon Ball Super: Super Hero,Movie,1.0,2022,7.59,152528
1812,Dragon Ball Z Special 1: Tatta Hitori no Saishuu Kessen,Special,1.0,1990,7.59,117620
1813,Final Fantasy VII: Advent Children - Venice Film Festival Footage,Movie,1.0,2005,7.59,13648
1814,Full Metal Panic!,TV,24.0,2002,7.59,537908
1815,Hokuto no Ken 2,TV,43.0,1987,7.59,35482
1816,Initial D Battle Stage,OVA,1.0,2002,7.59,43499
1817,Kagami no Kojou,Movie,1.0,2022,7.59,43149
1818,Kaitou Saint Tail,TV,43.0,1995,7.59,24232
1819,Kekkai Sensen,TV,12.0,2015,7.59,955777
1820,Kidou Senshi Gundam: GQuuuuuuX - Beginning,Movie,1.0,2025,7.59,10102
1821,Kimi no Iro,Movie,1.0,2024,7.59,44562
1822,Ling Long: Incarnation,ONA,6.0,2019,7.59,9007
1823,Long Zu II: Daowangzhe Zhi Tong,ONA,24.0,2025,7.59,18138
1824,Majin Tantei Nougami Neuro,TV,25.0,2007,7.59,72207
1825,Nanatsu no Taizai,TV,24.0,2014,7.59,2232919
1826,Naruto: Shippuuden - Sunny Side Battle,Special,1.0,2013,7.59,81276
1827,Re:Zero kara Hajimeru Isekai Seikatsu - Hyouketsu no Kizuna - Manner Movie,Movie,1.0,2019,7.59,56769
1828,Sakamoto Days,TV,11.0,2025,7.59,534801
1829,Shen Lan Qi Yu Wushuang Zhu: Hong Bao Pian,ONA,15.0,2023,7.59,1303
1830,Strike Witches Movie,Movie,1.0,2012,7.59,45327
1831,Sword Art Online: Alicization - War of Underworld,TV,12.0,2019,7.59,858247
1832,"Tensei shitara Dainana Ouji Datta node, Kimama ni Majutsu wo Kiwamemasu 2nd Season",TV,12.0,2025,7.59,151790
1833,Tong Ling Fei,ONA,16.0,2018,7.59,60309
1834,Top wo Nerae 2! Diebuster,OVA,6.0,2004,7.59,86301
1835,Uchuu Senkan Yamato,TV,26.0,1974,7.59,33208
1836,White Album 2,TV,13.0,2013,7.59,269892
1837,Yahari Ore no Seishun Love Comedy wa Machigatteiru. OVA,OVA,1.0,2013,7.59,293903
1838,Yowamushi Pedal: Glory Line,TV,25.0,2018,7.59,65537
1839,Yume-iro Pâtissière SP Professional,TV,13.0,2010,7.59,45351
1840,Akiba Meido Sensou,TV,12.0,2022,7.58,199297
1841,Bai Lian Cheng Shen 2,ONA,52.0,2023,7.58,2136
1842,BanG Dream! 2nd Season,TV,13.0,2019,7.58,53151
1843,BanG Dream! Morfonication,Special,2.0,2022,7.58,8973
1844,Biao Ren Er,ONA,8.0,2026,7.58,2511
1845,Da Wang Rao Ming 2,ONA,12.0,2023,7.58,26996
1846,Diamond no Ace OVA,OVA,3.0,2014,7.58,18537
1847,Doraemon Movie 28: Nobita to Midori no Kyojin Den,Movie,1.0,2008,7.58,15202
1848,Dragon Quest: Dai no Daibouken (TV),TV,46.0,1991,7.58,26528
1849,Ensemble Stars!! Tsuioku Selection Element,ONA,6.0,2023,7.58,3639
1850,Free! Dive to the Future: Soushun no Build-up!,Special,1.0,2018,7.58,27383
1851,Full Metal Panic! Invisible Victory,TV,12.0,2018,7.58,108908
1852,Fuuto Tantei Movie: Kamen Rider Skull no Shouzou,Movie,1.0,2024,7.58,7404
1853,Hakuouki: Sekkaroku,OVA,6.0,2011,7.58,29409
1854,Hana yori Dango,TV,51.0,1996,7.58,67942
1855,Hello! Lady Lynn,TV,36.0,1988,7.58,4899
1856,Hellsing: Digest for Freaks,OVA,1.0,2006,7.58,48603
1857,"Ima, Soko ni Iru Boku",TV,13.0,1999,7.58,162818
1858,Initial D: Project D to the Next Stage - Project D e Mukete,Special,1.0,2003,7.58,13821
1859,Jigoku Sensei Nube,TV,49.0,1996,7.58,25883
1860,Junjou Romantica 3,TV,12.0,2015,7.58,128943
1861,Kaguya-sama wa Kokurasetai? Tensai-tachi no Renai Zunousen OVA,OVA,1.0,2021,7.58,266911
1862,Kidou Keisatsu Patlabor the Movie,Movie,1.0,1989,7.58,57893
1863,Koutetsujou no Kabaneri Movie 1: Tsudou Hikari,Movie,1.0,2016,7.58,62442
1864,Koutetsujou no Kabaneri Movie 2: Moeru Inochi,Movie,1.0,2017,7.58,60059
1865,Kuroko no Basket: Mou Ikkai Yarimasen ka,Special,1.0,2014,7.58,52602
1866,One Piece: Heroines,TV,1.0,2026,7.58,31570
1867,Prison School,TV,12.0,2015,7.58,1113789
1868,Ranma ½: Yomigaeru Kioku,OVA,2.0,1994,7.58,21886
1869,Re:Zero kara Hajimeru Isekai Seikatsu - Memory Snow,Movie,1.0,2018,7.58,339122
1870,Saki Achiga-hen: Episode of Side-A Specials,Special,4.0,2013,7.58,15867
1871,Sexy Commando Gaiden: Sugoi yo!! Masaru-san,TV,48.0,1998,7.58,14019
1872,Shin Tennis no Oujisama vs. Genius 10,OVA,10.0,2014,7.58,21542
1873,Shinigami Bocchan to Kuro Maid,TV,12.0,2021,7.58,288892
1874,Sword Art Online: Alicization,TV,24.0,2018,7.58,1157902
1875,Taiho Shichau zo (TV),TV,47.0,1996,7.58,45933
1876,Tensei shitara Slime Datta Ken: Coleus no Yume,ONA,3.0,2023,7.58,111852
1877,Tensura Nikki: Tensei shitara Slime Datta Ken,TV,12.0,2021,7.58,390503
1878,Totsukuni no Shoujo (2022),OVA,1.0,2022,7.58,58694
1879,Tsubasa Chronicle 2nd Season,TV,26.0,2006,7.58,123564
1880,Undead Unluck: Winter-hen,TV,1.0,2025,7.58,35120
1881,World Trigger,TV,73.0,2014,7.58,475752
1882,Xingchen Bian: Zuizhong Ji,ONA,12.0,2026,7.58,1116
1883,Yama no Susume Second Season,TV,24.0,2014,7.58,39844
1884,Yozakura-san Chi no Daisakusen,TV,27.0,2024,7.58,173609
1885,Yuru Camp△ Season 3 Specials,Special,3.0,2024,7.58,11028
1886,Ao Haru Ride OVA,OVA,2.0,2014,7.57,160565
1887,Ao no Exorcist Movie,Movie,1.0,2012,7.57,287800
1888,Biao Ren,ONA,15.0,2023,7.57,45933
1889,Code Geass: Hangyaku no Lelouch Special Edition - Black Rebellion,Special,1.0,2008,7.57,44863
1890,Doraemon Movie 15: Nobita to Mugen Sankenshi,Movie,1.0,1994,7.57,9280
1891,Douluo Dalu: Jiandao Chen Xin,ONA,1.0,2025,7.57,1506
1892,Dragon Ball Kai: Mirai ni Heiwa wo! Goku no Tamashii yo Eien ni,TV,1.0,2011,7.57,55804
1893,Fairy Tail,TV,175.0,2009,7.57,1860628
1894,Fukigen na Mononokean Tsuzuki,TV,13.0,2019,7.57,59768
1895,GetBackers,TV,49.0,2002,7.57,129820
1896,Hakumei to Mikochi: Neji to Bed to Irori to Bakuchi,Special,1.0,2018,7.57,9827
1897,Hokuto no Ken: Raoh Gaiden Gekitou-hen,Movie,1.0,2007,7.57,11451
1898,Hungry Heart: Wild Striker,TV,52.0,2002,7.57,26946
1899,InuYasha Movie 1: Toki wo Koeru Omoi,Movie,1.0,2001,7.57,110849
1900,Kairyuu to Yuubinyasan,ONA,1.0,1900,7.57,3169
1901,Kindaichi Shounen no Jikenbo Returns,TV,25.0,1901,7.57,20655
1902,Marriagetoxin,TV,13.0,1902,7.57,164549
1903,Momo e no Tegami,Movie,1.0,1903,7.57,91506
1904,Nige Jouzu no Wakagimi 2nd Season,TV,12.0,1904,7.57,51508
1905,Ninja to Koroshiya no Futarigurashi,TV,12.0,1905,7.57,62852
1906,Patapata Hikousen no Bouken,TV,26.0,1906,7.57,9799
1907,Re:Zero kara Hajimeru Isekai Seikatsu - Hyouketsu no Kizuna,Movie,1.0,1907,7.57,335115
1908,Romeo x Juliet,TV,24.0,1908,7.57,193578
1909,Saijaku Tamer wa Gomi Hiroi no Tabi wo Hajimemashita.,TV,12.0,1909,7.57,148285
1910,"Saikyou no Shienshoku ""Wajutsushi"" de Aru Ore wa Sekai Saikyou Clan wo Shitagaeru",TV,12.0,1910,7.57,157731
1911,Sengoku Youko: Senma Konton-hen,TV,22.0,1911,7.57,30605
1912,Shen Lan Qi Yu Wushuang Zhu: Tianmo Pian,ONA,15.0,1912,7.57,1187
1913,Shoujo☆Kageki Revue Starlight: Rondo Rondo Rondo,Movie,1.0,1913,7.57,9125
1914,Soredemo Sekai wa Utsukushii,TV,12.0,1914,7.57,344087
1915,Tada-kun wa Koi wo Shinai,TV,13.0,1915,7.57,329733
1916,Totsukuni no Shoujo,OVA,1.0,1916,7.57,72172
1917,Ushio to Tora (TV),TV,26.0,1917,7.57,241471
1918,Vigilante: Boku no Hero Academia Illegals,TV,13.0,1918,7.57,184751
1919,"Yamato yo, Towa ni: Rebel 3199",Movie,,1919,7.57,5876
1920,"Yondemasu yo, Azazel-san.",OVA,4.0,1920,7.57,34146
1921,Yowamushi Pedal Movie,Movie,1.0,1921,7.57,34935
1922,Yuru Camp△ Specials,Special,3.0,1922,7.57,61806
1923,Zenshuu.,TV,12.0,1923,7.57,181737
1924,Afro Samurai Movie,Movie,1.0,1924,7.56,72008
1925,Aikatsu! Movie,Movie,1.0,1925,7.56,9307
1926,Akudama Drive,TV,12.0,1926,7.56,498881
1927,Arakawa Under the Bridge,TV,13.0,1927,7.56,376941
1928,Bai Yao Pu 2nd Season,ONA,12.0,1928,7.56,6008
1929,Bleach: Sennen Kessen-hen - Ketsubetsu-tan Recap,TV,1.0,1929,7.56,7102
1930,Crayon Shin-chan Movie 10: Arashi wo Yobu Appare! Sengoku Daikassen,Movie,1.0,1930,7.56,6888
1931,Fairy Tail Movie 2: Dragon Cry,Movie,1.0,1931,7.56,208644
1932,Ga-Rei: Zero,TV,12.0,1932,7.56,255219
1933,Ginga Tetsudou 999 (Movie),Movie,1.0,1933,7.56,24153
1934,Gokushufudou Season 2,ONA,5.0,1934,7.56,100700
1935,Higashi no Eden: Air Communication,Movie,1.0,1935,7.56,36835
1936,InuYasha Movie 4: Guren no Houraijima,Movie,1.0,1936,7.56,100090
1937,Juan Siliang,ONA,15.0,1937,7.56,3171
1938,Konjiki no Gash Bell!!,TV,150.0,1938,7.56,139080
1939,"Lupin III: Episode 0 ""First Contact""",TV,1.0,1939,7.56,12720
1940,Mahou Sensei Negima!: Mou Hitotsu no Sekai,OVA,4.0,1940,7.56,26458
1941,Mahou Shoujo Lyrical Nanoha: Detonation,Movie,1.0,1941,7.56,11319
1942,Mahoutsukai no Yome: Nishi no Shounen to Seiran no Kishi,OVA,3.0,1942,7.56,84484
1943,Majo no Tabitabi,TV,12.0,1943,7.56,467104
1944,Manga de Wakaru! Fate/Grand Order,TV,1.0,1944,7.56,19980
1945,MF Ghost,TV,12.0,1945,7.56,93845
1946,"Momoko, Kaeru no Uta ga Kikoeru yo.",Movie,1.0,1946,7.56,6224
1947,NieR:Automata Ver1.1a,TV,12.0,1947,7.56,344625
1948,Noein: Mou Hitori no Kimi e,TV,24.0,1948,7.56,98480
1949,Planetarian: Chiisana Hoshi no Yume,ONA,5.0,1949,7.56,104114
1950,Ragna Crimson,TV,24.0,1950,7.56,294897
1951,Sengoku Basara Movie: The Last Party,Movie,1.0,1951,7.56,31629
1952,Senjou no Valkyria,TV,26.0,1952,7.56,138115
1953,Sword Art Online Movie: Ordinal Scale,Movie,1.0,1953,7.56,789877
1954,Tales of Vesperia: The First Strike,Movie,1.0,1954,7.56,51154
1955,Uchuu Kyoudai: Number Zero,Movie,1.0,1955,7.56,8647
1956,Watashi ni Tenshi ga Maiorita! Precious Friends,Movie,1.0,1956,7.56,26664
1957,Ya She,ONA,12.0,1957,7.56,5279
1958,Yong Sheng: Qizhuang Shanhe,ONA,16.0,1958,7.56,1992
1959,Yuru Yuri,TV,12.0,1959,7.56,356415
1960,Yuuki Bakuhatsu Bang Bravern,TV,12.0,1960,7.56,37447
1961,Aa! Megami-sama! Movie,Movie,1.0,1961,7.55,45724
1962,Aa! Megami-sama! Sorezore no Tsubasa,TV,22.0,1962,7.55,71102
1963,Aa! Megami-sama! Tatakau Tsubasa,TV,2.0,1963,7.55,29172
1964,Air Gear: Kuro no Hane to Nemuri no Mori - Break on the Sky,OVA,3.0,1964,7.55,69558
1965,Ajin Part 2,TV,13.0,1965,7.55,315630
1966,Angel Beats! Specials,Special,2.0,1966,7.55,284124
1967,Baka to Test to Shoukanjuu: Matsuri,OVA,2.0,1967,7.55,132189
1968,Be-Bop Highschool,OVA,7.0,1968,7.55,12089
1969,Boku no Hero Academia the Movie 4: You're Next,Movie,1.0,1969,7.55,97468
1970,Byousoku 5 Centimeter,Movie,3.0,1970,7.55,1024592
1971,Chuunibyou demo Koi ga Shitai! Ren,TV,12.0,1971,7.55,807401
1972,Crayon Shin-chan Movie 18: Chou Jikuu! Arashi wo Yobu Ora no Hanayome,Movie,1.0,1972,7.55,8514
1973,Crayon Shin-chan Movie 22: Gachinko! Gyakushuu no Robo To-chan,Movie,1.0,1973,7.55,7922
1974,Doraemon Movie 34: Shin Nobita no Daimakyou - Peko to 5-nin no Tankentai,Movie,1.0,1974,7.55,12306
1975,Durarara!!x2 Ketsu: Dufufufu!!,Special,1.0,1975,7.55,59856
1976,Gintama on Theater 2D: Baragaki-hen,Movie,1.0,1976,7.55,3919
1977,Girls & Panzer,TV,12.0,1977,7.55,340303
1978,Gugure! Kokkuri-san,TV,12.0,1978,7.55,194628
1979,Hakuouki: Hekketsuroku,TV,10.0,1979,7.55,90549
1980,Heya Camp△: Sauna to Gohan to Sanrin Bike,Special,1.0,1980,7.55,23175
1981,Hoozuki no Reitetsu 2nd Season OVA,OVA,3.0,1981,7.55,6747
1982,Initial D Battle Stage 3,OVA,1.0,1982,7.55,9837
1983,JoJo no Kimyou na Bouken,OVA,6.0,1983,7.55,155744
1984,Kami no Tou,TV,13.0,1984,7.55,1083186
1985,Kara no Kyoukai Movie 1: Fukan Fuukei,Movie,1.0,1985,7.55,459485
1986,Kino no Tabi: The Beautiful World - Tou no Kuni - Free Lance,Special,1.0,1986,7.55,41611
1987,Log Horizon 2nd Season,TV,25.0,1987,7.55,652360
1988,Minami-ke Okaeri,TV,13.0,1988,7.55,71030
1989,Moyashimon,TV,11.0,1989,7.55,78664
1990,Mutsu Enmei Ryuu Gaiden: Shura no Toki,TV,26.0,1990,7.55,26515
1991,New Game!,TV,12.0,1991,7.55,458354
1992,Nijuu Mensou no Musume,TV,22.0,1992,7.55,37146
1993,Nisekoi,TV,20.0,1993,7.55,1257991
1994,No.6,TV,11.0,1994,7.55,467449
1995,Ore wo Suki nano wa Omae dake ka yo: Oretachi no Game Set,OVA,1.0,1995,7.55,137781
1996,Perrine Monogatari,TV,53.0,1996,7.55,7596
1997,Radiant 2nd Season,TV,21.0,1997,7.55,121927
1998,Re:Creators,TV,22.0,1998,7.55,547826
1999,Rising Impact,ONA,12.0,1999,7.55,23733
2000,Rurouni Kenshin: Meiji Kenkaku Romantan - Ishinshishi e no Chinkonka,Movie,1.0,2000,7.55,55763
